2025-12-18 14:56:51,170 | INFO | Logger initialized on production server
2025-12-18 14:56:51,193 | WARNING |  * Debugger is active!
2025-12-18 14:56:51,206 | INFO |  * Debugger PIN: 114-974-740
2025-12-18 15:05:37,440 | INFO | 127.0.0.1 - - [18/Dec/2025 15:05:37] "GET / HTTP/1.1" 200 -
2025-12-18 15:06:44,264 | INFO | 127.0.0.1 - - [18/Dec/2025 15:06:44] "GET / HTTP/1.1" 200 -
2025-12-18 15:06:46,784 | INFO | IBBI Scraper initialized
2025-12-18 15:06:46,785 | INFO | HTTP session with retry configured
2025-12-18 15:06:46,785 | INFO | Scraping started
2025-12-18 15:06:46,785 | INFO | Processing page 1
2025-12-18 15:06:46,785 | INFO | Scraping page 1
2025-12-18 15:06:51,760 | INFO | Page 1 scraped successfully with 20 records
2025-12-18 15:06:52,765 | INFO | Processing page 2
2025-12-18 15:06:52,765 | INFO | Scraping page 2
2025-12-18 15:07:06,219 | INFO | Page 2 scraped successfully with 20 records
2025-12-18 15:07:07,225 | INFO | Processing page 3
2025-12-18 15:07:07,226 | INFO | Scraping page 3
2025-12-18 15:07:07,394 | INFO | Page 3 scraped successfully with 20 records
2025-12-18 15:07:08,399 | INFO | Processing page 4
2025-12-18 15:07:08,400 | INFO | Scraping page 4
2025-12-18 15:07:08,707 | INFO | Page 4 scraped successfully with 20 records
2025-12-18 15:07:09,712 | INFO | Processing page 5
2025-12-18 15:07:09,712 | INFO | Scraping page 5
2025-12-18 15:07:13,861 | INFO | Page 5 scraped successfully with 20 records
2025-12-18 15:07:14,865 | INFO | Processing page 6
2025-12-18 15:07:14,865 | INFO | Scraping page 6
2025-12-18 15:07:18,157 | INFO | Page 6 scraped successfully with 20 records
2025-12-18 15:07:19,162 | INFO | Processing page 7
2025-12-18 15:07:19,163 | INFO | Scraping page 7
2025-12-18 15:07:19,289 | INFO | Page 7 scraped successfully with 20 records
2025-12-18 15:07:20,294 | INFO | Processing page 8
2025-12-18 15:07:20,295 | INFO | Scraping page 8
2025-12-18 15:07:25,237 | INFO | Page 8 scraped successfully with 20 records
2025-12-18 15:07:26,243 | INFO | Processing page 9
2025-12-18 15:07:26,243 | INFO | Scraping page 9
2025-12-18 15:07:26,364 | INFO | Page 9 scraped successfully with 20 records
2025-12-18 15:07:27,365 | INFO | Processing page 10
2025-12-18 15:07:27,365 | INFO | Scraping page 10
2025-12-18 15:07:27,482 | INFO | Page 10 scraped successfully with 20 records
2025-12-18 15:07:28,487 | INFO | Processing page 11
2025-12-18 15:07:28,487 | INFO | Scraping page 11
2025-12-18 15:07:28,616 | INFO | Page 11 scraped successfully with 20 records
2025-12-18 15:07:29,622 | INFO | Processing page 12
2025-12-18 15:07:29,622 | INFO | Scraping page 12
2025-12-18 15:07:29,734 | INFO | Page 12 scraped successfully with 20 records
2025-12-18 15:07:30,739 | INFO | Processing page 13
2025-12-18 15:07:30,739 | INFO | Scraping page 13
2025-12-18 15:07:31,065 | INFO | Page 13 scraped successfully with 20 records
2025-12-18 15:07:32,070 | INFO | Processing page 14
2025-12-18 15:07:32,071 | INFO | Scraping page 14
2025-12-18 15:07:32,191 | INFO | Page 14 scraped successfully with 20 records
2025-12-18 15:07:33,196 | INFO | Processing page 15
2025-12-18 15:07:33,196 | INFO | Scraping page 15
2025-12-18 15:07:33,322 | INFO | Page 15 scraped successfully with 20 records
2025-12-18 15:07:34,327 | INFO | Processing page 16
2025-12-18 15:07:34,328 | INFO | Scraping page 16
2025-12-18 15:07:34,468 | INFO | Page 16 scraped successfully with 20 records
2025-12-18 15:07:35,473 | INFO | Processing page 17
2025-12-18 15:07:35,473 | INFO | Scraping page 17
2025-12-18 15:07:35,593 | INFO | Page 17 scraped successfully with 20 records
2025-12-18 15:07:36,599 | INFO | Processing page 18
2025-12-18 15:07:36,599 | INFO | Scraping page 18
2025-12-18 15:07:36,714 | INFO | Page 18 scraped successfully with 20 records
2025-12-18 15:07:37,719 | INFO | Processing page 19
2025-12-18 15:07:37,720 | INFO | Scraping page 19
2025-12-18 15:07:39,528 | INFO | Page 19 scraped successfully with 20 records
2025-12-18 15:07:40,533 | INFO | Processing page 20
2025-12-18 15:07:40,533 | INFO | Scraping page 20
2025-12-18 15:07:40,684 | INFO | Page 20 scraped successfully with 20 records
2025-12-18 15:07:41,689 | INFO | Processing page 21
2025-12-18 15:07:41,689 | INFO | Scraping page 21
2025-12-18 15:07:54,546 | INFO | Page 21 scraped successfully with 20 records
2025-12-18 15:07:55,552 | INFO | Processing page 22
2025-12-18 15:07:55,552 | INFO | Scraping page 22
2025-12-18 15:07:55,701 | INFO | Page 22 scraped successfully with 20 records
2025-12-18 15:07:56,706 | INFO | Processing page 23
2025-12-18 15:07:56,707 | INFO | Scraping page 23
2025-12-18 15:07:56,832 | INFO | Page 23 scraped successfully with 20 records
2025-12-18 15:07:57,837 | INFO | Processing page 24
2025-12-18 15:07:57,838 | INFO | Scraping page 24
2025-12-18 15:07:57,964 | INFO | Page 24 scraped successfully with 20 records
2025-12-18 15:07:58,965 | INFO | Processing page 25
2025-12-18 15:07:58,965 | INFO | Scraping page 25
2025-12-18 15:07:59,083 | INFO | Page 25 scraped successfully with 20 records
2025-12-18 15:08:00,089 | INFO | Processing page 26
2025-12-18 15:08:00,089 | INFO | Scraping page 26
2025-12-18 15:08:00,628 | INFO | Page 26 scraped successfully with 20 records
2025-12-18 15:08:01,633 | INFO | Processing page 27
2025-12-18 15:08:01,633 | INFO | Scraping page 27
2025-12-18 15:08:09,968 | INFO | Page 27 scraped successfully with 20 records
2025-12-18 15:08:10,975 | INFO | Processing page 28
2025-12-18 15:08:10,975 | INFO | Scraping page 28
2025-12-18 15:08:11,103 | INFO | Page 28 scraped successfully with 20 records
2025-12-18 15:08:12,108 | INFO | Processing page 29
2025-12-18 15:08:12,109 | INFO | Scraping page 29
2025-12-18 15:08:12,234 | INFO | Page 29 scraped successfully with 20 records
2025-12-18 15:08:13,239 | INFO | Processing page 30
2025-12-18 15:08:13,240 | INFO | Scraping page 30
2025-12-18 15:08:18,384 | INFO | Page 30 scraped successfully with 20 records
2025-12-18 15:08:19,389 | INFO | Processing page 31
2025-12-18 15:08:19,390 | INFO | Scraping page 31
2025-12-18 15:08:19,517 | INFO | Page 31 scraped successfully with 20 records
2025-12-18 15:08:20,522 | INFO | Processing page 32
2025-12-18 15:08:20,523 | INFO | Scraping page 32
2025-12-18 15:08:20,645 | INFO | Page 32 scraped successfully with 20 records
2025-12-18 15:08:21,651 | INFO | Processing page 33
2025-12-18 15:08:21,651 | INFO | Scraping page 33
2025-12-18 15:08:21,781 | INFO | Page 33 scraped successfully with 20 records
2025-12-18 15:08:22,786 | INFO | Processing page 34
2025-12-18 15:08:22,786 | INFO | Scraping page 34
2025-12-18 15:08:22,909 | INFO | Page 34 scraped successfully with 20 records
2025-12-18 15:08:23,914 | INFO | Processing page 35
2025-12-18 15:08:23,914 | INFO | Scraping page 35
2025-12-18 15:08:24,044 | INFO | Page 35 scraped successfully with 20 records
2025-12-18 15:08:25,048 | INFO | Processing page 36
2025-12-18 15:08:25,048 | INFO | Scraping page 36
2025-12-18 15:08:25,182 | INFO | Page 36 scraped successfully with 20 records
2025-12-18 15:08:26,187 | INFO | Processing page 37
2025-12-18 15:08:26,188 | INFO | Scraping page 37
2025-12-18 15:08:26,336 | INFO | Page 37 scraped successfully with 20 records
2025-12-18 15:08:27,341 | INFO | Processing page 38
2025-12-18 15:08:27,342 | INFO | Scraping page 38
2025-12-18 15:08:27,480 | INFO | Page 38 scraped successfully with 20 records
2025-12-18 15:08:28,486 | INFO | Processing page 39
2025-12-18 15:08:28,486 | INFO | Scraping page 39
2025-12-18 15:08:32,342 | INFO | Page 39 scraped successfully with 20 records
2025-12-18 15:08:33,348 | INFO | Processing page 40
2025-12-18 15:08:33,348 | INFO | Scraping page 40
2025-12-18 15:08:33,482 | INFO | Page 40 scraped successfully with 20 records
2025-12-18 15:08:34,488 | INFO | Processing page 41
2025-12-18 15:08:34,488 | INFO | Scraping page 41
2025-12-18 15:08:34,613 | INFO | Page 41 scraped successfully with 20 records
2025-12-18 15:08:35,618 | INFO | Processing page 42
2025-12-18 15:08:35,619 | INFO | Scraping page 42
2025-12-18 15:08:35,757 | INFO | Page 42 scraped successfully with 20 records
2025-12-18 15:08:36,763 | INFO | Processing page 43
2025-12-18 15:08:36,763 | INFO | Scraping page 43
2025-12-18 15:08:36,899 | INFO | Page 43 scraped successfully with 20 records
2025-12-18 15:08:37,904 | INFO | Processing page 44
2025-12-18 15:08:37,904 | INFO | Scraping page 44
2025-12-18 15:08:40,411 | INFO | Page 44 scraped successfully with 20 records
2025-12-18 15:08:41,416 | INFO | Processing page 45
2025-12-18 15:08:41,417 | INFO | Scraping page 45
2025-12-18 15:08:41,928 | INFO | Page 45 scraped successfully with 20 records
2025-12-18 15:08:42,934 | INFO | Processing page 46
2025-12-18 15:08:42,934 | INFO | Scraping page 46
2025-12-18 15:08:43,104 | INFO | Page 46 scraped successfully with 20 records
2025-12-18 15:08:44,106 | INFO | Processing page 47
2025-12-18 15:08:44,106 | INFO | Scraping page 47
2025-12-18 15:08:44,237 | INFO | Page 47 scraped successfully with 20 records
2025-12-18 15:08:45,242 | INFO | Processing page 48
2025-12-18 15:08:45,243 | INFO | Scraping page 48
2025-12-18 15:08:45,371 | INFO | Page 48 scraped successfully with 20 records
2025-12-18 15:08:46,376 | INFO | Processing page 49
2025-12-18 15:08:46,376 | INFO | Scraping page 49
2025-12-18 15:08:46,492 | INFO | Page 49 scraped successfully with 20 records
2025-12-18 15:08:47,497 | INFO | Processing page 50
2025-12-18 15:08:47,498 | INFO | Scraping page 50
2025-12-18 15:08:47,633 | INFO | Page 50 scraped successfully with 20 records
2025-12-18 15:08:48,638 | INFO | Processing page 51
2025-12-18 15:08:48,639 | INFO | Scraping page 51
2025-12-18 15:08:48,772 | INFO | Page 51 scraped successfully with 20 records
2025-12-18 15:08:49,777 | INFO | Processing page 52
2025-12-18 15:08:49,778 | INFO | Scraping page 52
2025-12-18 15:08:52,178 | INFO | Page 52 scraped successfully with 20 records
2025-12-18 15:08:53,181 | INFO | Processing page 53
2025-12-18 15:08:53,182 | INFO | Scraping page 53
2025-12-18 15:08:54,532 | INFO | Page 53 scraped successfully with 20 records
2025-12-18 15:08:55,537 | INFO | Processing page 54
2025-12-18 15:08:55,537 | INFO | Scraping page 54
2025-12-18 15:08:55,665 | INFO | Page 54 scraped successfully with 20 records
2025-12-18 15:08:56,671 | INFO | Processing page 55
2025-12-18 15:08:56,671 | INFO | Scraping page 55
2025-12-18 15:08:56,798 | INFO | Page 55 scraped successfully with 20 records
2025-12-18 15:08:57,803 | INFO | Processing page 56
2025-12-18 15:08:57,804 | INFO | Scraping page 56
2025-12-18 15:08:58,616 | INFO | Page 56 scraped successfully with 20 records
2025-12-18 15:08:59,617 | INFO | Processing page 57
2025-12-18 15:08:59,617 | INFO | Scraping page 57
2025-12-18 15:09:04,465 | INFO | Page 57 scraped successfully with 20 records
2025-12-18 15:09:05,471 | INFO | Processing page 58
2025-12-18 15:09:05,471 | INFO | Scraping page 58
2025-12-18 15:09:07,856 | INFO | Page 58 scraped successfully with 20 records
2025-12-18 15:09:08,861 | INFO | Processing page 59
2025-12-18 15:09:08,861 | INFO | Scraping page 59
2025-12-18 15:09:08,998 | INFO | Page 59 scraped successfully with 20 records
2025-12-18 15:09:10,003 | INFO | Processing page 60
2025-12-18 15:09:10,004 | INFO | Scraping page 60
2025-12-18 15:09:10,126 | INFO | Page 60 scraped successfully with 20 records
2025-12-18 15:09:11,131 | INFO | Processing page 61
2025-12-18 15:09:11,132 | INFO | Scraping page 61
2025-12-18 15:09:11,264 | INFO | Page 61 scraped successfully with 20 records
2025-12-18 15:09:12,269 | INFO | Processing page 62
2025-12-18 15:09:12,269 | INFO | Scraping page 62
2025-12-18 15:09:12,423 | INFO | Page 62 scraped successfully with 20 records
2025-12-18 15:09:13,428 | INFO | Processing page 63
2025-12-18 15:09:13,428 | INFO | Scraping page 63
2025-12-18 15:09:13,559 | INFO | Page 63 scraped successfully with 20 records
2025-12-18 15:09:14,564 | INFO | Processing page 64
2025-12-18 15:09:14,565 | INFO | Scraping page 64
2025-12-18 15:09:14,696 | INFO | Page 64 scraped successfully with 20 records
2025-12-18 15:09:15,701 | INFO | Processing page 65
2025-12-18 15:09:15,701 | INFO | Scraping page 65
2025-12-18 15:09:15,823 | INFO | Page 65 scraped successfully with 20 records
2025-12-18 15:09:16,828 | INFO | Processing page 66
2025-12-18 15:09:16,829 | INFO | Scraping page 66
2025-12-18 15:09:16,953 | INFO | Page 66 scraped successfully with 20 records
2025-12-18 15:09:17,958 | INFO | Processing page 67
2025-12-18 15:09:17,958 | INFO | Scraping page 67
2025-12-18 15:09:18,102 | INFO | Page 67 scraped successfully with 20 records
2025-12-18 15:09:19,107 | INFO | Processing page 68
2025-12-18 15:09:19,107 | INFO | Scraping page 68
2025-12-18 15:09:19,236 | INFO | Page 68 scraped successfully with 20 records
2025-12-18 15:09:20,241 | INFO | Processing page 69
2025-12-18 15:09:20,241 | INFO | Scraping page 69
2025-12-18 15:09:20,356 | INFO | Page 69 scraped successfully with 20 records
2025-12-18 15:09:21,361 | INFO | Processing page 70
2025-12-18 15:09:21,362 | INFO | Scraping page 70
2025-12-18 15:09:41,369 | WARNING | Retrying (Retry(total=2, connect=None, read=None, redirect=None, status=None)) after connection broken by 'ReadTimeoutError("HTTPSConnectionPool(host='ibbi.gov.in', port=443): Read timed out. (read timeout=20)")': /resolution-plans?page=70
2025-12-18 15:09:46,066 | INFO | Page 70 scraped successfully with 20 records
2025-12-18 15:09:47,071 | INFO | Processing page 71
2025-12-18 15:09:47,071 | INFO | Scraping page 71
2025-12-18 15:09:47,206 | INFO | Page 71 scraped successfully with 20 records
2025-12-18 15:09:48,212 | INFO | Processing page 72
2025-12-18 15:09:48,212 | INFO | Scraping page 72
2025-12-18 15:09:48,329 | INFO | Page 72 scraped successfully with 20 records
2025-12-18 15:09:49,335 | INFO | Processing page 73
2025-12-18 15:09:49,335 | INFO | Scraping page 73
2025-12-18 15:09:49,454 | INFO | Page 73 scraped successfully with 20 records
2025-12-18 15:09:50,459 | INFO | Processing page 74
2025-12-18 15:09:50,460 | INFO | Scraping page 74
2025-12-18 15:09:50,583 | INFO | Page 74 scraped successfully with 20 records
2025-12-18 15:09:51,589 | INFO | Processing page 75
2025-12-18 15:09:51,589 | INFO | Scraping page 75
2025-12-18 15:09:51,715 | INFO | Page 75 scraped successfully with 20 records
2025-12-18 15:09:52,720 | INFO | Processing page 76
2025-12-18 15:09:52,721 | INFO | Scraping page 76
2025-12-18 15:09:52,845 | INFO | Page 76 scraped successfully with 20 records
2025-12-18 15:09:53,848 | INFO | Processing page 77
2025-12-18 15:09:53,848 | INFO | Scraping page 77
2025-12-18 15:09:53,961 | INFO | Page 77 scraped successfully with 20 records
2025-12-18 15:09:54,967 | INFO | Processing page 78
2025-12-18 15:09:54,967 | INFO | Scraping page 78
2025-12-18 15:09:55,093 | INFO | Page 78 scraped successfully with 20 records
2025-12-18 15:09:56,098 | INFO | Processing page 79
2025-12-18 15:09:56,098 | INFO | Scraping page 79
2025-12-18 15:09:56,224 | INFO | Page 79 scraped successfully with 20 records
2025-12-18 15:09:57,229 | INFO | Processing page 80
2025-12-18 15:09:57,229 | INFO | Scraping page 80
2025-12-18 15:09:57,348 | INFO | Page 80 scraped successfully with 20 records
2025-12-18 15:09:58,353 | INFO | Processing page 81
2025-12-18 15:09:58,354 | INFO | Scraping page 81
2025-12-18 15:09:58,468 | INFO | Page 81 scraped successfully with 20 records
2025-12-18 15:09:59,473 | INFO | Processing page 82
2025-12-18 15:09:59,474 | INFO | Scraping page 82
2025-12-18 15:09:59,656 | INFO | Page 82 scraped successfully with 20 records
2025-12-18 15:10:00,661 | INFO | Processing page 83
2025-12-18 15:10:00,662 | INFO | Scraping page 83
2025-12-18 15:10:00,803 | INFO | Page 83 scraped successfully with 20 records
2025-12-18 15:10:01,808 | INFO | Processing page 84
2025-12-18 15:10:01,808 | INFO | Scraping page 84
2025-12-18 15:10:01,937 | INFO | Page 84 scraped successfully with 20 records
2025-12-18 15:10:02,942 | INFO | Processing page 85
2025-12-18 15:10:02,942 | INFO | Scraping page 85
2025-12-18 15:10:03,068 | INFO | Page 85 scraped successfully with 20 records
2025-12-18 15:10:04,074 | INFO | Processing page 86
2025-12-18 15:10:04,074 | INFO | Scraping page 86
2025-12-18 15:10:04,199 | INFO | Page 86 scraped successfully with 20 records
2025-12-18 15:10:05,205 | INFO | Processing page 87
2025-12-18 15:10:05,205 | INFO | Scraping page 87
2025-12-18 15:10:05,995 | INFO | Page 87 scraped successfully with 20 records
2025-12-18 15:10:07,000 | INFO | Processing page 88
2025-12-18 15:10:07,001 | INFO | Scraping page 88
2025-12-18 15:10:07,135 | INFO | Page 88 scraped successfully with 20 records
2025-12-18 15:10:08,137 | INFO | Processing page 89
2025-12-18 15:10:08,137 | INFO | Scraping page 89
2025-12-18 15:10:08,252 | INFO | Page 89 scraped successfully with 20 records
2025-12-18 15:10:09,257 | INFO | Processing page 90
2025-12-18 15:10:09,257 | INFO | Scraping page 90
2025-12-18 15:10:09,381 | INFO | Page 90 scraped successfully with 20 records
2025-12-18 15:10:10,386 | INFO | Processing page 91
2025-12-18 15:10:10,387 | INFO | Scraping page 91
2025-12-18 15:10:10,524 | INFO | Page 91 scraped successfully with 20 records
2025-12-18 15:10:11,529 | INFO | Processing page 92
2025-12-18 15:10:11,530 | INFO | Scraping page 92
2025-12-18 15:10:11,654 | INFO | Page 92 scraped successfully with 20 records
2025-12-18 15:10:12,659 | INFO | Processing page 93
2025-12-18 15:10:12,659 | INFO | Scraping page 93
2025-12-18 15:10:12,788 | INFO | Page 93 scraped successfully with 20 records
2025-12-18 15:10:13,793 | INFO | Processing page 94
2025-12-18 15:10:13,794 | INFO | Scraping page 94
2025-12-18 15:10:13,927 | INFO | Page 94 scraped successfully with 20 records
2025-12-18 15:10:14,933 | INFO | Processing page 95
2025-12-18 15:10:14,933 | INFO | Scraping page 95
2025-12-18 15:10:15,054 | INFO | Page 95 scraped successfully with 20 records
2025-12-18 15:10:16,059 | INFO | Processing page 96
2025-12-18 15:10:16,059 | INFO | Scraping page 96
2025-12-18 15:10:16,205 | INFO | Page 96 scraped successfully with 20 records
2025-12-18 15:10:17,217 | INFO | Processing page 97
2025-12-18 15:10:17,217 | INFO | Scraping page 97
2025-12-18 15:10:17,325 | INFO | Page 97 scraped successfully with 20 records
2025-12-18 15:10:18,327 | INFO | Processing page 98
2025-12-18 15:10:18,327 | INFO | Scraping page 98
2025-12-18 15:10:18,615 | INFO | Page 98 scraped successfully with 20 records
2025-12-18 15:10:19,621 | INFO | Processing page 99
2025-12-18 15:10:19,621 | INFO | Scraping page 99
2025-12-18 15:10:28,872 | INFO | Page 99 scraped successfully with 20 records
2025-12-18 15:10:29,878 | INFO | Processing page 100
2025-12-18 15:10:29,879 | INFO | Scraping page 100
2025-12-18 15:10:30,003 | INFO | Page 100 scraped successfully with 20 records
2025-12-18 15:10:31,008 | INFO | Processing page 101
2025-12-18 15:10:31,009 | INFO | Scraping page 101
2025-12-18 15:10:31,132 | INFO | Page 101 scraped successfully with 20 records
2025-12-18 15:10:32,137 | INFO | Processing page 102
2025-12-18 15:10:32,138 | INFO | Scraping page 102
2025-12-18 15:10:32,252 | INFO | Page 102 scraped successfully with 20 records
2025-12-18 15:10:33,257 | INFO | Processing page 103
2025-12-18 15:10:33,258 | INFO | Scraping page 103
2025-12-18 15:10:33,367 | INFO | Page 103 scraped successfully with 20 records
2025-12-18 15:10:34,373 | INFO | Processing page 104
2025-12-18 15:10:34,373 | INFO | Scraping page 104
2025-12-18 15:10:34,484 | INFO | Page 104 scraped successfully with 20 records
2025-12-18 15:10:35,489 | INFO | Processing page 105
2025-12-18 15:10:35,490 | INFO | Scraping page 105
2025-12-18 15:10:35,626 | INFO | Page 105 scraped successfully with 20 records
2025-12-18 15:10:36,631 | INFO | Processing page 106
2025-12-18 15:10:36,631 | INFO | Scraping page 106
2025-12-18 15:10:36,769 | INFO | Page 106 scraped successfully with 20 records
2025-12-18 15:10:37,774 | INFO | Processing page 107
2025-12-18 15:10:37,774 | INFO | Scraping page 107
2025-12-18 15:10:37,901 | INFO | Page 107 scraped successfully with 20 records
2025-12-18 15:10:38,906 | INFO | Processing page 108
2025-12-18 15:10:38,906 | INFO | Scraping page 108
2025-12-18 15:10:39,032 | INFO | Page 108 scraped successfully with 20 records
2025-12-18 15:10:40,037 | INFO | Processing page 109
2025-12-18 15:10:40,037 | INFO | Scraping page 109
2025-12-18 15:10:40,169 | INFO | Page 109 scraped successfully with 20 records
2025-12-18 15:10:41,174 | INFO | Processing page 110
2025-12-18 15:10:41,174 | INFO | Scraping page 110
2025-12-18 15:10:41,290 | INFO | Page 110 scraped successfully with 20 records
2025-12-18 15:10:42,295 | INFO | Processing page 111
2025-12-18 15:10:42,296 | INFO | Scraping page 111
2025-12-18 15:10:42,429 | INFO | Page 111 scraped successfully with 20 records
2025-12-18 15:10:43,431 | INFO | Processing page 112
2025-12-18 15:10:43,431 | INFO | Scraping page 112
2025-12-18 15:10:43,590 | INFO | Page 112 scraped successfully with 20 records
2025-12-18 15:10:44,596 | INFO | Processing page 113
2025-12-18 15:10:44,596 | INFO | Scraping page 113
2025-12-18 15:10:46,157 | INFO | Page 113 scraped successfully with 20 records
2025-12-18 15:10:47,162 | INFO | Processing page 114
2025-12-18 15:10:47,163 | INFO | Scraping page 114
2025-12-18 15:10:47,325 | INFO | Page 114 scraped successfully with 20 records
2025-12-18 15:10:48,330 | INFO | Processing page 115
2025-12-18 15:10:48,330 | INFO | Scraping page 115
2025-12-18 15:10:48,472 | INFO | Page 115 scraped successfully with 20 records
2025-12-18 15:10:49,477 | INFO | Processing page 116
2025-12-18 15:10:49,478 | INFO | Scraping page 116
2025-12-18 15:10:49,618 | INFO | Page 116 scraped successfully with 20 records
2025-12-18 15:10:50,623 | INFO | Processing page 117
2025-12-18 15:10:50,624 | INFO | Scraping page 117
2025-12-18 15:10:50,768 | INFO | Page 117 scraped successfully with 20 records
2025-12-18 15:10:51,774 | INFO | Processing page 118
2025-12-18 15:10:51,774 | INFO | Scraping page 118
2025-12-18 15:10:51,907 | INFO | Page 118 scraped successfully with 20 records
2025-12-18 15:10:52,912 | INFO | Processing page 119
2025-12-18 15:10:52,912 | INFO | Scraping page 119
2025-12-18 15:10:53,047 | INFO | Page 119 scraped successfully with 20 records
2025-12-18 15:10:54,053 | INFO | Processing page 120
2025-12-18 15:10:54,054 | INFO | Scraping page 120
2025-12-18 15:10:54,187 | INFO | Page 120 scraped successfully with 20 records
2025-12-18 15:10:55,193 | INFO | Processing page 121
2025-12-18 15:10:55,194 | INFO | Scraping page 121
2025-12-18 15:10:55,309 | INFO | Page 121 scraped successfully with 20 records
2025-12-18 15:10:56,315 | INFO | Processing page 122
2025-12-18 15:10:56,315 | INFO | Scraping page 122
2025-12-18 15:10:56,447 | INFO | Page 122 scraped successfully with 20 records
2025-12-18 15:10:57,452 | INFO | Processing page 123
2025-12-18 15:10:57,453 | INFO | Scraping page 123
2025-12-18 15:10:57,573 | INFO | Page 123 scraped successfully with 20 records
2025-12-18 15:10:58,578 | INFO | Processing page 124
2025-12-18 15:10:58,579 | INFO | Scraping page 124
2025-12-18 15:10:58,711 | INFO | Page 124 scraped successfully with 20 records
2025-12-18 15:10:59,716 | INFO | Processing page 125
2025-12-18 15:10:59,717 | INFO | Scraping page 125
2025-12-18 15:10:59,845 | INFO | Page 125 scraped successfully with 20 records
2025-12-18 15:11:00,849 | INFO | Processing page 126
2025-12-18 15:11:00,849 | INFO | Scraping page 126
2025-12-18 15:11:00,968 | INFO | Page 126 scraped successfully with 20 records
2025-12-18 15:11:01,973 | INFO | Processing page 127
2025-12-18 15:11:01,974 | INFO | Scraping page 127
2025-12-18 15:11:02,099 | INFO | Page 127 scraped successfully with 20 records
2025-12-18 15:11:03,104 | INFO | Processing page 128
2025-12-18 15:11:03,104 | INFO | Scraping page 128
2025-12-18 15:11:03,221 | INFO | Page 128 scraped successfully with 20 records
2025-12-18 15:11:03,823 | INFO | 127.0.0.1 - - [18/Dec/2025 15:11:03] "GET / HTTP/1.1" 200 -
2025-12-18 15:11:04,222 | INFO | Processing page 129
2025-12-18 15:11:04,223 | INFO | Scraping page 129
2025-12-18 15:11:04,346 | INFO | Page 129 scraped successfully with 20 records
2025-12-18 15:11:05,352 | INFO | Processing page 130
2025-12-18 15:11:05,352 | INFO | Scraping page 130
2025-12-18 15:11:05,475 | INFO | Page 130 scraped successfully with 20 records
2025-12-18 15:11:06,481 | INFO | Processing page 131
2025-12-18 15:11:06,481 | INFO | Scraping page 131
2025-12-18 15:11:06,617 | INFO | Page 131 scraped successfully with 20 records
2025-12-18 15:11:07,532 | INFO | IBBI Scraper initialized
2025-12-18 15:11:07,532 | INFO | HTTP session with retry configured
2025-12-18 15:11:07,532 | INFO | Scraping started
2025-12-18 15:11:07,532 | INFO | Processing page 1
2025-12-18 15:11:07,532 | INFO | Scraping page 1
2025-12-18 15:11:07,621 | INFO | Processing page 132
2025-12-18 15:11:07,621 | INFO | Scraping page 132
2025-12-18 15:11:07,739 | INFO | Page 1 scraped successfully with 20 records
2025-12-18 15:11:07,758 | INFO | Page 132 scraped successfully with 20 records
2025-12-18 15:11:08,744 | INFO | Processing page 2
2025-12-18 15:11:08,744 | INFO | Scraping page 2
2025-12-18 15:11:08,763 | INFO | Processing page 133
2025-12-18 15:11:08,763 | INFO | Scraping page 133
2025-12-18 15:11:08,857 | INFO | Page 2 scraped successfully with 20 records
2025-12-18 15:11:08,876 | INFO | Page 133 scraped successfully with 20 records
2025-12-18 15:11:09,862 | INFO | Processing page 3
2025-12-18 15:11:09,863 | INFO | Scraping page 3
2025-12-18 15:11:09,880 | INFO | Processing page 134
2025-12-18 15:11:09,881 | INFO | Scraping page 134
2025-12-18 15:11:09,995 | INFO | Page 3 scraped successfully with 20 records
2025-12-18 15:11:10,013 | INFO | Page 134 scraped successfully with 20 records
2025-12-18 15:11:11,000 | INFO | Processing page 4
2025-12-18 15:11:11,000 | INFO | Scraping page 4
2025-12-18 15:11:11,018 | INFO | Processing page 135
2025-12-18 15:11:11,019 | INFO | Scraping page 135
2025-12-18 15:11:11,129 | INFO | Page 4 scraped successfully with 20 records
2025-12-18 15:11:11,148 | INFO | Page 135 scraped successfully with 20 records
2025-12-18 15:11:12,135 | INFO | Processing page 5
2025-12-18 15:11:12,135 | INFO | Scraping page 5
2025-12-18 15:11:12,153 | INFO | Processing page 136
2025-12-18 15:11:12,153 | INFO | Scraping page 136
2025-12-18 15:11:12,255 | INFO | Page 5 scraped successfully with 20 records
2025-12-18 15:11:12,272 | INFO | Page 136 scraped successfully with 20 records
2025-12-18 15:11:13,261 | INFO | Processing page 6
2025-12-18 15:11:13,261 | INFO | Scraping page 6
2025-12-18 15:11:13,278 | INFO | Processing page 137
2025-12-18 15:11:13,278 | INFO | Scraping page 137
2025-12-18 15:11:13,377 | INFO | Page 6 scraped successfully with 20 records
2025-12-18 15:11:13,393 | INFO | Page 137 scraped successfully with 20 records
2025-12-18 15:11:14,382 | INFO | Processing page 7
2025-12-18 15:11:14,383 | INFO | Scraping page 7
2025-12-18 15:11:14,398 | INFO | Processing page 138
2025-12-18 15:11:14,398 | INFO | Scraping page 138
2025-12-18 15:11:14,524 | INFO | Page 7 scraped successfully with 20 records
2025-12-18 15:11:14,547 | INFO | Page 138 scraped successfully with 20 records
2025-12-18 15:11:15,529 | INFO | Processing page 8
2025-12-18 15:11:15,529 | INFO | Scraping page 8
2025-12-18 15:11:15,552 | INFO | Processing page 139
2025-12-18 15:11:15,552 | INFO | Scraping page 139
2025-12-18 15:11:15,644 | INFO | Page 8 scraped successfully with 20 records
2025-12-18 15:11:15,659 | INFO | Page 139 scraped successfully with 20 records
2025-12-18 15:11:16,650 | INFO | Processing page 9
2025-12-18 15:11:16,650 | INFO | Scraping page 9
2025-12-18 15:11:16,664 | INFO | Processing page 140
2025-12-18 15:11:16,665 | INFO | Scraping page 140
2025-12-18 15:11:16,779 | INFO | Page 9 scraped successfully with 20 records
2025-12-18 15:11:16,794 | INFO | Page 140 scraped successfully with 20 records
2025-12-18 15:11:17,784 | INFO | Processing page 10
2025-12-18 15:11:17,785 | INFO | Scraping page 10
2025-12-18 15:11:17,799 | INFO | Processing page 141
2025-12-18 15:11:17,799 | INFO | Scraping page 141
2025-12-18 15:11:17,900 | INFO | Page 10 scraped successfully with 20 records
2025-12-18 15:11:17,912 | INFO | Page 141 scraped successfully with 20 records
2025-12-18 15:11:18,901 | INFO | Processing page 11
2025-12-18 15:11:18,901 | INFO | Scraping page 11
2025-12-18 15:11:18,917 | INFO | Processing page 142
2025-12-18 15:11:18,917 | INFO | Scraping page 142
2025-12-18 15:11:19,024 | INFO | Page 11 scraped successfully with 20 records
2025-12-18 15:11:19,038 | INFO | Page 142 scraped successfully with 20 records
2025-12-18 15:11:20,029 | INFO | Processing page 12
2025-12-18 15:11:20,030 | INFO | Scraping page 12
2025-12-18 15:11:20,043 | INFO | Processing page 143
2025-12-18 15:11:20,043 | INFO | Scraping page 143
2025-12-18 15:11:20,145 | INFO | Page 12 scraped successfully with 20 records
2025-12-18 15:11:20,160 | INFO | Page 143 scraped successfully with 20 records
2025-12-18 15:11:21,147 | INFO | Processing page 13
2025-12-18 15:11:21,147 | INFO | Scraping page 13
2025-12-18 15:11:21,165 | INFO | Processing page 144
2025-12-18 15:11:21,165 | INFO | Scraping page 144
2025-12-18 15:11:21,249 | INFO | Page 13 scraped successfully with 20 records
2025-12-18 15:11:21,267 | INFO | Page 144 scraped successfully with 20 records
2025-12-18 15:11:22,252 | INFO | Processing page 14
2025-12-18 15:11:22,253 | INFO | Scraping page 14
2025-12-18 15:11:22,272 | INFO | Processing page 145
2025-12-18 15:11:22,273 | INFO | Scraping page 145
2025-12-18 15:11:22,362 | INFO | Page 14 scraped successfully with 20 records
2025-12-18 15:11:22,376 | INFO | Page 145 scraped successfully with 20 records
2025-12-18 15:11:23,364 | INFO | Processing page 15
2025-12-18 15:11:23,364 | INFO | Scraping page 15
2025-12-18 15:11:23,380 | INFO | Processing page 146
2025-12-18 15:11:23,381 | INFO | Scraping page 146
2025-12-18 15:11:23,479 | INFO | Page 15 scraped successfully with 20 records
2025-12-18 15:11:23,497 | INFO | Page 146 scraped successfully with 20 records
2025-12-18 15:11:24,484 | INFO | Processing page 16
2025-12-18 15:11:24,485 | INFO | Scraping page 16
2025-12-18 15:11:24,502 | INFO | Processing page 147
2025-12-18 15:11:24,502 | INFO | Scraping page 147
2025-12-18 15:11:24,602 | INFO | Page 16 scraped successfully with 20 records
2025-12-18 15:11:24,623 | INFO | Page 147 scraped successfully with 20 records
2025-12-18 15:11:25,607 | INFO | Processing page 17
2025-12-18 15:11:25,607 | INFO | Scraping page 17
2025-12-18 15:11:25,628 | INFO | Processing page 148
2025-12-18 15:11:25,628 | INFO | Scraping page 148
2025-12-18 15:11:25,730 | INFO | Page 17 scraped successfully with 20 records
2025-12-18 15:11:25,749 | INFO | Page 148 scraped successfully with 20 records
2025-12-18 15:11:26,732 | INFO | Processing page 18
2025-12-18 15:11:26,732 | INFO | Scraping page 18
2025-12-18 15:11:26,754 | INFO | Processing page 149
2025-12-18 15:11:26,754 | INFO | Scraping page 149
2025-12-18 15:11:26,853 | INFO | Page 18 scraped successfully with 20 records
2025-12-18 15:11:26,871 | INFO | Page 149 scraped successfully with 20 records
2025-12-18 15:11:27,858 | INFO | Processing page 19
2025-12-18 15:11:27,859 | INFO | Scraping page 19
2025-12-18 15:11:27,876 | INFO | Processing page 150
2025-12-18 15:11:27,876 | INFO | Scraping page 150
2025-12-18 15:11:28,004 | INFO | Page 150 scraped successfully with 20 records
2025-12-18 15:11:28,028 | INFO | Page 19 scraped successfully with 20 records
2025-12-18 15:11:29,010 | INFO | Processing page 151
2025-12-18 15:11:29,010 | INFO | Scraping page 151
2025-12-18 15:11:29,033 | INFO | Processing page 20
2025-12-18 15:11:29,033 | INFO | Scraping page 20
2025-12-18 15:11:29,136 | INFO | Page 151 scraped successfully with 20 records
2025-12-18 15:11:29,151 | INFO | Page 20 scraped successfully with 20 records
2025-12-18 15:11:30,137 | INFO | Processing page 152
2025-12-18 15:11:30,137 | INFO | Scraping page 152
2025-12-18 15:11:30,156 | INFO | Processing page 21
2025-12-18 15:11:30,156 | INFO | Scraping page 21
2025-12-18 15:11:30,260 | INFO | Page 152 scraped successfully with 11 records
2025-12-18 15:11:30,275 | INFO | Page 21 scraped successfully with 20 records
2025-12-18 15:11:31,266 | INFO | Processing page 153
2025-12-18 15:11:31,266 | INFO | Scraping page 153
2025-12-18 15:11:31,280 | INFO | Processing page 22
2025-12-18 15:11:31,281 | INFO | Scraping page 22
2025-12-18 15:11:31,330 | ERROR | Network error on page 153: 404 Client Error: Not Found for url: https://ibbi.gov.in/resolution-plans?page=153
2025-12-18 15:11:31,331 | WARNING | Empty data on page 153, retrying once
2025-12-18 15:11:31,331 | INFO | Scraping page 153
2025-12-18 15:11:31,396 | INFO | Page 22 scraped successfully with 20 records
2025-12-18 15:11:31,400 | ERROR | Network error on page 153: 404 Client Error: Not Found for url: https://ibbi.gov.in/resolution-plans?page=153
2025-12-18 15:11:31,400 | INFO | Stopping scraper at page 153
2025-12-18 15:11:31,400 | INFO | Scraping completed. Total records: 3031
2025-12-18 15:11:31,670 | INFO | Excel file saved successfully: /Users/aditya/Scrapping_ibbi_data/api/../output/ibbi_resolution_plans_2025-12-18_15-06-46.xlsx
2025-12-18 15:11:31,671 | INFO | 127.0.0.1 - - [18/Dec/2025 15:11:31] "GET /start-scraping HTTP/1.1" 200 -
2025-12-18 15:11:32,402 | INFO | Processing page 23
2025-12-18 15:11:32,402 | INFO | Scraping page 23
2025-12-18 15:11:32,518 | INFO | Page 23 scraped successfully with 20 records
2025-12-18 15:11:33,523 | INFO | Processing page 24
2025-12-18 15:11:33,523 | INFO | Scraping page 24
2025-12-18 15:11:33,642 | INFO | Page 24 scraped successfully with 20 records
2025-12-18 15:11:34,647 | INFO | Processing page 25
2025-12-18 15:11:34,648 | INFO | Scraping page 25
2025-12-18 15:11:34,765 | INFO | Page 25 scraped successfully with 20 records
2025-12-18 15:11:35,768 | INFO | Processing page 26
2025-12-18 15:11:35,768 | INFO | Scraping page 26
2025-12-18 15:11:35,892 | INFO | Page 26 scraped successfully with 20 records
2025-12-18 15:11:36,897 | INFO | Processing page 27
2025-12-18 15:11:36,897 | INFO | Scraping page 27
2025-12-18 15:11:37,005 | INFO | Page 27 scraped successfully with 20 records
2025-12-18 15:11:38,010 | INFO | Processing page 28
2025-12-18 15:11:38,010 | INFO | Scraping page 28
2025-12-18 15:11:38,131 | INFO | Page 28 scraped successfully with 20 records
2025-12-18 15:11:39,136 | INFO | Processing page 29
2025-12-18 15:11:39,136 | INFO | Scraping page 29
2025-12-18 15:11:39,249 | INFO | Page 29 scraped successfully with 20 records
2025-12-18 15:11:40,255 | INFO | Processing page 30
2025-12-18 15:11:40,255 | INFO | Scraping page 30
2025-12-18 15:11:40,366 | INFO | Page 30 scraped successfully with 20 records
2025-12-18 15:11:41,369 | INFO | Processing page 31
2025-12-18 15:11:41,369 | INFO | Scraping page 31
2025-12-18 15:11:41,481 | INFO | Page 31 scraped successfully with 20 records
2025-12-18 15:11:42,486 | INFO | Processing page 32
2025-12-18 15:11:42,486 | INFO | Scraping page 32
2025-12-18 15:11:42,595 | INFO | Page 32 scraped successfully with 20 records
2025-12-18 15:11:43,600 | INFO | Processing page 33
2025-12-18 15:11:43,600 | INFO | Scraping page 33
2025-12-18 15:11:43,722 | INFO | Page 33 scraped successfully with 20 records
2025-12-18 15:11:44,727 | INFO | Processing page 34
2025-12-18 15:11:44,728 | INFO | Scraping page 34
2025-12-18 15:11:44,842 | INFO | Page 34 scraped successfully with 20 records
2025-12-18 15:11:45,847 | INFO | Processing page 35
2025-12-18 15:11:45,847 | INFO | Scraping page 35
2025-12-18 15:11:45,960 | INFO | Page 35 scraped successfully with 20 records
2025-12-18 15:11:46,965 | INFO | Processing page 36
2025-12-18 15:11:46,965 | INFO | Scraping page 36
2025-12-18 15:11:47,074 | INFO | Page 36 scraped successfully with 20 records
2025-12-18 15:11:48,079 | INFO | Processing page 37
2025-12-18 15:11:48,079 | INFO | Scraping page 37
2025-12-18 15:11:48,221 | INFO | Page 37 scraped successfully with 20 records
2025-12-18 15:11:49,226 | INFO | Processing page 38
2025-12-18 15:11:49,226 | INFO | Scraping page 38
2025-12-18 15:11:49,331 | INFO | Page 38 scraped successfully with 20 records
2025-12-18 15:11:50,333 | INFO | Processing page 39
2025-12-18 15:11:50,334 | INFO | Scraping page 39
2025-12-18 15:11:50,437 | INFO | Page 39 scraped successfully with 20 records
2025-12-18 15:11:51,442 | INFO | Processing page 40
2025-12-18 15:11:51,442 | INFO | Scraping page 40
2025-12-18 15:11:51,557 | INFO | Page 40 scraped successfully with 20 records
2025-12-18 15:11:52,562 | INFO | Processing page 41
2025-12-18 15:11:52,562 | INFO | Scraping page 41
2025-12-18 15:11:52,680 | INFO | Page 41 scraped successfully with 20 records
2025-12-18 15:11:53,685 | INFO | Processing page 42
2025-12-18 15:11:53,686 | INFO | Scraping page 42
2025-12-18 15:11:53,803 | INFO | Page 42 scraped successfully with 20 records
2025-12-18 15:11:54,809 | INFO | Processing page 43
2025-12-18 15:11:54,809 | INFO | Scraping page 43
2025-12-18 15:11:54,928 | INFO | Page 43 scraped successfully with 20 records
2025-12-18 15:11:55,933 | INFO | Processing page 44
2025-12-18 15:11:55,933 | INFO | Scraping page 44
2025-12-18 15:11:56,052 | INFO | Page 44 scraped successfully with 20 records
2025-12-18 15:11:57,057 | INFO | Processing page 45
2025-12-18 15:11:57,059 | INFO | Scraping page 45
2025-12-18 15:11:57,178 | INFO | Page 45 scraped successfully with 20 records
2025-12-18 15:11:58,183 | INFO | Processing page 46
2025-12-18 15:11:58,183 | INFO | Scraping page 46
2025-12-18 15:11:58,304 | INFO | Page 46 scraped successfully with 20 records
2025-12-18 15:11:59,309 | INFO | Processing page 47
2025-12-18 15:11:59,309 | INFO | Scraping page 47
2025-12-18 15:11:59,438 | INFO | Page 47 scraped successfully with 20 records
2025-12-18 15:12:00,444 | INFO | Processing page 48
2025-12-18 15:12:00,444 | INFO | Scraping page 48
2025-12-18 15:12:00,659 | INFO | Page 48 scraped successfully with 20 records
2025-12-18 15:12:01,664 | INFO | Processing page 49
2025-12-18 15:12:01,664 | INFO | Scraping page 49
2025-12-18 15:12:01,801 | INFO | Page 49 scraped successfully with 20 records
2025-12-18 15:12:02,806 | INFO | Processing page 50
2025-12-18 15:12:02,806 | INFO | Scraping page 50
2025-12-18 15:12:02,917 | INFO | Page 50 scraped successfully with 20 records
2025-12-18 15:12:03,922 | INFO | Processing page 51
2025-12-18 15:12:03,923 | INFO | Scraping page 51
2025-12-18 15:12:05,332 | INFO | Page 51 scraped successfully with 20 records
2025-12-18 15:12:06,333 | INFO | Processing page 52
2025-12-18 15:12:06,333 | INFO | Scraping page 52
2025-12-18 15:12:06,463 | INFO | Page 52 scraped successfully with 20 records
2025-12-18 15:12:07,468 | INFO | Processing page 53
2025-12-18 15:12:07,469 | INFO | Scraping page 53
2025-12-18 15:12:07,599 | INFO | Page 53 scraped successfully with 20 records
2025-12-18 15:12:08,604 | INFO | Processing page 54
2025-12-18 15:12:08,605 | INFO | Scraping page 54
2025-12-18 15:12:08,758 | INFO | Page 54 scraped successfully with 20 records
2025-12-18 15:12:09,763 | INFO | Processing page 55
2025-12-18 15:12:09,764 | INFO | Scraping page 55
2025-12-18 15:12:09,892 | INFO | Page 55 scraped successfully with 20 records
2025-12-18 15:12:10,897 | INFO | Processing page 56
2025-12-18 15:12:10,897 | INFO | Scraping page 56
2025-12-18 15:12:11,039 | INFO | Page 56 scraped successfully with 20 records
2025-12-18 15:12:12,044 | INFO | Processing page 57
2025-12-18 15:12:12,044 | INFO | Scraping page 57
2025-12-18 15:12:12,180 | INFO | Page 57 scraped successfully with 20 records
2025-12-18 15:12:13,185 | INFO | Processing page 58
2025-12-18 15:12:13,186 | INFO | Scraping page 58
2025-12-18 15:12:13,315 | INFO | Page 58 scraped successfully with 20 records
2025-12-18 15:12:14,320 | INFO | Processing page 59
2025-12-18 15:12:14,321 | INFO | Scraping page 59
2025-12-18 15:12:14,543 | INFO | Page 59 scraped successfully with 20 records
2025-12-18 15:12:15,548 | INFO | Processing page 60
2025-12-18 15:12:15,549 | INFO | Scraping page 60
2025-12-18 15:12:15,684 | INFO | Page 60 scraped successfully with 20 records
2025-12-18 15:12:16,689 | INFO | Processing page 61
2025-12-18 15:12:16,690 | INFO | Scraping page 61
2025-12-18 15:12:16,830 | INFO | Page 61 scraped successfully with 20 records
2025-12-18 15:12:17,835 | INFO | Processing page 62
2025-12-18 15:12:17,835 | INFO | Scraping page 62
2025-12-18 15:12:17,961 | INFO | Page 62 scraped successfully with 20 records
2025-12-18 15:12:18,965 | INFO | Processing page 63
2025-12-18 15:12:18,965 | INFO | Scraping page 63
2025-12-18 15:12:19,074 | INFO | Page 63 scraped successfully with 20 records
2025-12-18 15:12:20,080 | INFO | Processing page 64
2025-12-18 15:12:20,081 | INFO | Scraping page 64
2025-12-18 15:12:20,214 | INFO | Page 64 scraped successfully with 20 records
2025-12-18 15:12:21,220 | INFO | Processing page 65
2025-12-18 15:12:21,220 | INFO | Scraping page 65
2025-12-18 15:12:21,337 | INFO | Page 65 scraped successfully with 20 records
2025-12-18 15:12:22,342 | INFO | Processing page 66
2025-12-18 15:12:22,342 | INFO | Scraping page 66
2025-12-18 15:12:22,472 | INFO | Page 66 scraped successfully with 20 records
2025-12-18 15:12:23,478 | INFO | Processing page 67
2025-12-18 15:12:23,478 | INFO | Scraping page 67
2025-12-18 15:12:23,582 | INFO | Page 67 scraped successfully with 20 records
2025-12-18 15:12:24,588 | INFO | Processing page 68
2025-12-18 15:12:24,588 | INFO | Scraping page 68
2025-12-18 15:12:24,694 | INFO | Page 68 scraped successfully with 20 records
2025-12-18 15:12:25,699 | INFO | Processing page 69
2025-12-18 15:12:25,700 | INFO | Scraping page 69
2025-12-18 15:12:25,826 | INFO | Page 69 scraped successfully with 20 records
2025-12-18 15:12:26,832 | INFO | Processing page 70
2025-12-18 15:12:26,832 | INFO | Scraping page 70
2025-12-18 15:12:26,978 | INFO | Page 70 scraped successfully with 20 records
2025-12-18 15:12:27,981 | INFO | Processing page 71
2025-12-18 15:12:27,982 | INFO | Scraping page 71
2025-12-18 15:12:28,122 | INFO | Page 71 scraped successfully with 20 records
2025-12-18 15:12:29,127 | INFO | Processing page 72
2025-12-18 15:12:29,128 | INFO | Scraping page 72
2025-12-18 15:12:29,255 | INFO | Page 72 scraped successfully with 20 records
2025-12-18 15:12:30,258 | INFO | Processing page 73
2025-12-18 15:12:30,258 | INFO | Scraping page 73
2025-12-18 15:12:30,390 | INFO | Page 73 scraped successfully with 20 records
2025-12-18 15:12:31,395 | INFO | Processing page 74
2025-12-18 15:12:31,396 | INFO | Scraping page 74
2025-12-18 15:12:31,517 | INFO | Page 74 scraped successfully with 20 records
2025-12-18 15:12:32,522 | INFO | Processing page 75
2025-12-18 15:12:32,522 | INFO | Scraping page 75
2025-12-18 15:12:32,650 | INFO | Page 75 scraped successfully with 20 records
2025-12-18 15:12:33,655 | INFO | Processing page 76
2025-12-18 15:12:33,656 | INFO | Scraping page 76
2025-12-18 15:12:33,791 | INFO | Page 76 scraped successfully with 20 records
2025-12-18 15:12:34,797 | INFO | Processing page 77
2025-12-18 15:12:34,797 | INFO | Scraping page 77
2025-12-18 15:12:34,924 | INFO | Page 77 scraped successfully with 20 records
2025-12-18 15:12:35,930 | INFO | Processing page 78
2025-12-18 15:12:35,930 | INFO | Scraping page 78
2025-12-18 15:12:36,061 | INFO | Page 78 scraped successfully with 20 records
2025-12-18 15:12:37,066 | INFO | Processing page 79
2025-12-18 15:12:37,067 | INFO | Scraping page 79
2025-12-18 15:12:37,219 | INFO | Page 79 scraped successfully with 20 records
2025-12-18 15:12:38,224 | INFO | Processing page 80
2025-12-18 15:12:38,225 | INFO | Scraping page 80
2025-12-18 15:12:38,352 | INFO | Page 80 scraped successfully with 20 records
2025-12-18 15:12:39,357 | INFO | Processing page 81
2025-12-18 15:12:39,358 | INFO | Scraping page 81
2025-12-18 15:12:39,499 | INFO | Page 81 scraped successfully with 20 records
2025-12-18 15:12:40,504 | INFO | Processing page 82
2025-12-18 15:12:40,504 | INFO | Scraping page 82
2025-12-18 15:12:40,630 | INFO | Page 82 scraped successfully with 20 records
2025-12-18 15:12:41,536 | INFO | 127.0.0.1 - - [18/Dec/2025 15:12:41] "[36mGET / HTTP/1.1[0m" 304 -
2025-12-18 15:12:41,630 | INFO | Processing page 83
2025-12-18 15:12:41,630 | INFO | Scraping page 83
2025-12-18 15:12:41,750 | INFO | Page 83 scraped successfully with 20 records
2025-12-18 15:12:42,755 | INFO | Processing page 84
2025-12-18 15:12:42,755 | INFO | Scraping page 84
2025-12-18 15:12:42,876 | INFO | Page 84 scraped successfully with 20 records
2025-12-18 15:12:43,880 | INFO | Processing page 85
2025-12-18 15:12:43,881 | INFO | Scraping page 85
2025-12-18 15:12:43,991 | INFO | Page 85 scraped successfully with 20 records
2025-12-18 15:12:44,997 | INFO | Processing page 86
2025-12-18 15:12:44,997 | INFO | Scraping page 86
2025-12-18 15:12:45,135 | INFO | Page 86 scraped successfully with 20 records
2025-12-18 15:12:46,140 | INFO | Processing page 87
2025-12-18 15:12:46,140 | INFO | Scraping page 87
2025-12-18 15:12:46,254 | INFO | Page 87 scraped successfully with 20 records
2025-12-18 15:12:47,260 | INFO | Processing page 88
2025-12-18 15:12:47,260 | INFO | Scraping page 88
2025-12-18 15:12:47,373 | INFO | Page 88 scraped successfully with 20 records
2025-12-18 15:12:48,378 | INFO | Processing page 89
2025-12-18 15:12:48,378 | INFO | Scraping page 89
2025-12-18 15:12:48,714 | INFO | Page 89 scraped successfully with 20 records
2025-12-18 15:12:49,719 | INFO | Processing page 90
2025-12-18 15:12:49,720 | INFO | Scraping page 90
2025-12-18 15:12:49,840 | INFO | Page 90 scraped successfully with 20 records
2025-12-18 15:12:50,846 | INFO | Processing page 91
2025-12-18 15:12:50,847 | INFO | Scraping page 91
2025-12-18 15:12:50,969 | INFO | Page 91 scraped successfully with 20 records
2025-12-18 15:12:51,974 | INFO | Processing page 92
2025-12-18 15:12:51,974 | INFO | Scraping page 92
2025-12-18 15:12:52,083 | INFO | Page 92 scraped successfully with 20 records
2025-12-18 15:12:53,088 | INFO | Processing page 93
2025-12-18 15:12:53,089 | INFO | Scraping page 93
2025-12-18 15:12:53,214 | INFO | Page 93 scraped successfully with 20 records
2025-12-18 15:12:54,219 | INFO | Processing page 94
2025-12-18 15:12:54,220 | INFO | Scraping page 94
2025-12-18 15:12:54,346 | INFO | Page 94 scraped successfully with 20 records
2025-12-18 15:12:55,347 | INFO | Processing page 95
2025-12-18 15:12:55,347 | INFO | Scraping page 95
2025-12-18 15:12:55,469 | INFO | Page 95 scraped successfully with 20 records
2025-12-18 15:12:56,474 | INFO | Processing page 96
2025-12-18 15:12:56,474 | INFO | Scraping page 96
2025-12-18 15:12:56,582 | INFO | Page 96 scraped successfully with 20 records
2025-12-18 15:12:57,587 | INFO | Processing page 97
2025-12-18 15:12:57,588 | INFO | Scraping page 97
2025-12-18 15:12:57,716 | INFO | Page 97 scraped successfully with 20 records
2025-12-18 15:12:58,721 | INFO | Processing page 98
2025-12-18 15:12:58,721 | INFO | Scraping page 98
2025-12-18 15:12:58,842 | INFO | Page 98 scraped successfully with 20 records
2025-12-18 15:12:59,847 | INFO | Processing page 99
2025-12-18 15:12:59,847 | INFO | Scraping page 99
2025-12-18 15:12:59,975 | INFO | Page 99 scraped successfully with 20 records
2025-12-18 15:13:00,980 | INFO | Processing page 100
2025-12-18 15:13:00,981 | INFO | Scraping page 100
2025-12-18 15:13:01,104 | INFO | Page 100 scraped successfully with 20 records
2025-12-18 15:13:02,109 | INFO | Processing page 101
2025-12-18 15:13:02,109 | INFO | Scraping page 101
2025-12-18 15:13:02,224 | INFO | Page 101 scraped successfully with 20 records
2025-12-18 15:13:03,229 | INFO | Processing page 102
2025-12-18 15:13:03,230 | INFO | Scraping page 102
2025-12-18 15:13:03,344 | INFO | Page 102 scraped successfully with 20 records
2025-12-18 15:13:04,347 | INFO | Processing page 103
2025-12-18 15:13:04,347 | INFO | Scraping page 103
2025-12-18 15:13:04,447 | INFO | Page 103 scraped successfully with 20 records
2025-12-18 15:13:05,452 | INFO | Processing page 104
2025-12-18 15:13:05,452 | INFO | Scraping page 104
2025-12-18 15:13:05,568 | INFO | Page 104 scraped successfully with 20 records
2025-12-18 15:13:06,573 | INFO | Processing page 105
2025-12-18 15:13:06,573 | INFO | Scraping page 105
2025-12-18 15:13:06,687 | INFO | Page 105 scraped successfully with 20 records
2025-12-18 15:13:07,692 | INFO | Processing page 106
2025-12-18 15:13:07,692 | INFO | Scraping page 106
2025-12-18 15:13:07,813 | INFO | Page 106 scraped successfully with 20 records
2025-12-18 15:13:08,818 | INFO | Processing page 107
2025-12-18 15:13:08,819 | INFO | Scraping page 107
2025-12-18 15:13:08,915 | INFO | Page 107 scraped successfully with 20 records
2025-12-18 15:13:09,920 | INFO | Processing page 108
2025-12-18 15:13:09,921 | INFO | Scraping page 108
2025-12-18 15:13:10,050 | INFO | Page 108 scraped successfully with 20 records
2025-12-18 15:13:11,056 | INFO | Processing page 109
2025-12-18 15:13:11,056 | INFO | Scraping page 109
2025-12-18 15:13:11,167 | INFO | Page 109 scraped successfully with 20 records
2025-12-18 15:13:12,172 | INFO | Processing page 110
2025-12-18 15:13:12,173 | INFO | Scraping page 110
2025-12-18 15:13:12,287 | INFO | Page 110 scraped successfully with 20 records
2025-12-18 15:13:13,292 | INFO | Processing page 111
2025-12-18 15:13:13,293 | INFO | Scraping page 111
2025-12-18 15:13:13,401 | INFO | Page 111 scraped successfully with 20 records
2025-12-18 15:13:14,406 | INFO | Processing page 112
2025-12-18 15:13:14,407 | INFO | Scraping page 112
2025-12-18 15:13:14,509 | INFO | Page 112 scraped successfully with 20 records
2025-12-18 15:13:15,513 | INFO | Processing page 113
2025-12-18 15:13:15,513 | INFO | Scraping page 113
2025-12-18 15:13:15,638 | INFO | Page 113 scraped successfully with 20 records
2025-12-18 15:13:16,643 | INFO | Processing page 114
2025-12-18 15:13:16,643 | INFO | Scraping page 114
2025-12-18 15:13:16,759 | INFO | Page 114 scraped successfully with 20 records
2025-12-18 15:13:17,764 | INFO | Processing page 115
2025-12-18 15:13:17,765 | INFO | Scraping page 115
2025-12-18 15:13:17,894 | INFO | Page 115 scraped successfully with 20 records
2025-12-18 15:13:18,897 | INFO | Processing page 116
2025-12-18 15:13:18,897 | INFO | Scraping page 116
2025-12-18 15:13:19,017 | INFO | Page 116 scraped successfully with 20 records
2025-12-18 15:13:20,022 | INFO | Processing page 117
2025-12-18 15:13:20,023 | INFO | Scraping page 117
2025-12-18 15:13:20,353 | INFO | Page 117 scraped successfully with 20 records
2025-12-18 15:13:21,359 | INFO | Processing page 118
2025-12-18 15:13:21,359 | INFO | Scraping page 118
2025-12-18 15:13:21,490 | INFO | Page 118 scraped successfully with 20 records
2025-12-18 15:13:22,496 | INFO | Processing page 119
2025-12-18 15:13:22,496 | INFO | Scraping page 119
2025-12-18 15:13:22,618 | INFO | Page 119 scraped successfully with 20 records
2025-12-18 15:13:23,623 | INFO | Processing page 120
2025-12-18 15:13:23,624 | INFO | Scraping page 120
2025-12-18 15:13:23,736 | INFO | Page 120 scraped successfully with 20 records
2025-12-18 15:13:24,742 | INFO | Processing page 121
2025-12-18 15:13:24,742 | INFO | Scraping page 121
2025-12-18 15:13:25,164 | INFO | Page 121 scraped successfully with 20 records
2025-12-18 15:13:26,169 | INFO | Processing page 122
2025-12-18 15:13:26,169 | INFO | Scraping page 122
2025-12-18 15:13:26,293 | INFO | Page 122 scraped successfully with 20 records
2025-12-18 15:13:27,298 | INFO | Processing page 123
2025-12-18 15:13:27,298 | INFO | Scraping page 123
2025-12-18 15:13:27,421 | INFO | Page 123 scraped successfully with 20 records
2025-12-18 15:13:28,427 | INFO | Processing page 124
2025-12-18 15:13:28,427 | INFO | Scraping page 124
2025-12-18 15:13:28,547 | INFO | Page 124 scraped successfully with 20 records
2025-12-18 15:13:29,552 | INFO | Processing page 125
2025-12-18 15:13:29,552 | INFO | Scraping page 125
2025-12-18 15:13:29,674 | INFO | Page 125 scraped successfully with 20 records
2025-12-18 15:13:30,679 | INFO | Processing page 126
2025-12-18 15:13:30,679 | INFO | Scraping page 126
2025-12-18 15:13:30,808 | INFO | Page 126 scraped successfully with 20 records
2025-12-18 15:13:31,813 | INFO | Processing page 127
2025-12-18 15:13:31,813 | INFO | Scraping page 127
2025-12-18 15:13:31,922 | INFO | Page 127 scraped successfully with 20 records
2025-12-18 15:13:32,927 | INFO | Processing page 128
2025-12-18 15:13:32,927 | INFO | Scraping page 128
2025-12-18 15:13:33,044 | INFO | Page 128 scraped successfully with 20 records
2025-12-18 15:13:34,050 | INFO | Processing page 129
2025-12-18 15:13:34,050 | INFO | Scraping page 129
2025-12-18 15:13:34,173 | INFO | Page 129 scraped successfully with 20 records
2025-12-18 15:13:35,178 | INFO | Processing page 130
2025-12-18 15:13:35,178 | INFO | Scraping page 130
2025-12-18 15:13:35,289 | INFO | Page 130 scraped successfully with 20 records
2025-12-18 15:13:36,295 | INFO | Processing page 131
2025-12-18 15:13:36,295 | INFO | Scraping page 131
2025-12-18 15:13:36,426 | INFO | Page 131 scraped successfully with 20 records
2025-12-18 15:13:37,431 | INFO | Processing page 132
2025-12-18 15:13:37,432 | INFO | Scraping page 132
2025-12-18 15:13:37,544 | INFO | Page 132 scraped successfully with 20 records
2025-12-18 15:13:38,549 | INFO | Processing page 133
2025-12-18 15:13:38,549 | INFO | Scraping page 133
2025-12-18 15:13:38,665 | INFO | Page 133 scraped successfully with 20 records
2025-12-18 15:13:39,670 | INFO | Processing page 134
2025-12-18 15:13:39,670 | INFO | Scraping page 134
2025-12-18 15:13:39,784 | INFO | Page 134 scraped successfully with 20 records
2025-12-18 15:13:40,789 | INFO | Processing page 135
2025-12-18 15:13:40,790 | INFO | Scraping page 135
2025-12-18 15:13:40,904 | INFO | Page 135 scraped successfully with 20 records
2025-12-18 15:13:41,909 | INFO | Processing page 136
2025-12-18 15:13:41,910 | INFO | Scraping page 136
2025-12-18 15:13:42,021 | INFO | Page 136 scraped successfully with 20 records
2025-12-18 15:13:43,027 | INFO | Processing page 137
2025-12-18 15:13:43,027 | INFO | Scraping page 137
2025-12-18 15:13:43,141 | INFO | Page 137 scraped successfully with 20 records
2025-12-18 15:13:44,147 | INFO | Processing page 138
2025-12-18 15:13:44,147 | INFO | Scraping page 138
2025-12-18 15:13:44,241 | INFO | Page 138 scraped successfully with 20 records
2025-12-18 15:13:45,246 | INFO | Processing page 139
2025-12-18 15:13:45,246 | INFO | Scraping page 139
2025-12-18 15:13:45,368 | INFO | Page 139 scraped successfully with 20 records
2025-12-18 15:13:46,373 | INFO | Processing page 140
2025-12-18 15:13:46,373 | INFO | Scraping page 140
2025-12-18 15:13:46,493 | INFO | Page 140 scraped successfully with 20 records
2025-12-18 15:13:47,498 | INFO | Processing page 141
2025-12-18 15:13:47,499 | INFO | Scraping page 141
2025-12-18 15:13:47,626 | INFO | Page 141 scraped successfully with 20 records
2025-12-18 15:13:48,632 | INFO | Processing page 142
2025-12-18 15:13:48,632 | INFO | Scraping page 142
2025-12-18 15:13:48,742 | INFO | Page 142 scraped successfully with 20 records
2025-12-18 15:13:49,747 | INFO | Processing page 143
2025-12-18 15:13:49,748 | INFO | Scraping page 143
2025-12-18 15:13:49,940 | INFO | Page 143 scraped successfully with 20 records
2025-12-18 15:13:50,945 | INFO | Processing page 144
2025-12-18 15:13:50,946 | INFO | Scraping page 144
2025-12-18 15:13:51,050 | INFO | Page 144 scraped successfully with 20 records
2025-12-18 15:13:52,055 | INFO | Processing page 145
2025-12-18 15:13:52,056 | INFO | Scraping page 145
2025-12-18 15:13:52,178 | INFO | Page 145 scraped successfully with 20 records
2025-12-18 15:13:53,183 | INFO | Processing page 146
2025-12-18 15:13:53,183 | INFO | Scraping page 146
2025-12-18 15:13:53,311 | INFO | Page 146 scraped successfully with 20 records
2025-12-18 15:13:54,316 | INFO | Processing page 147
2025-12-18 15:13:54,317 | INFO | Scraping page 147
2025-12-18 15:13:54,441 | INFO | Page 147 scraped successfully with 20 records
2025-12-18 15:13:55,446 | INFO | Processing page 148
2025-12-18 15:13:55,447 | INFO | Scraping page 148
2025-12-18 15:13:55,781 | INFO | Page 148 scraped successfully with 20 records
2025-12-18 15:13:56,787 | INFO | Processing page 149
2025-12-18 15:13:56,788 | INFO | Scraping page 149
2025-12-18 15:13:56,905 | INFO | Page 149 scraped successfully with 20 records
2025-12-18 15:13:57,910 | INFO | Processing page 150
2025-12-18 15:13:57,911 | INFO | Scraping page 150
2025-12-18 15:13:58,038 | INFO | Page 150 scraped successfully with 20 records
2025-12-18 15:13:59,044 | INFO | Processing page 151
2025-12-18 15:13:59,044 | INFO | Scraping page 151
2025-12-18 15:13:59,165 | INFO | Page 151 scraped successfully with 20 records
2025-12-18 15:14:00,170 | INFO | Processing page 152
2025-12-18 15:14:00,171 | INFO | Scraping page 152
2025-12-18 15:14:00,287 | INFO | Page 152 scraped successfully with 11 records
2025-12-18 15:14:01,292 | INFO | Processing page 153
2025-12-18 15:14:01,292 | INFO | Scraping page 153
2025-12-18 15:14:01,357 | ERROR | Network error on page 153: 404 Client Error: Not Found for url: https://ibbi.gov.in/resolution-plans?page=153
2025-12-18 15:14:01,358 | WARNING | Empty data on page 153, retrying once
2025-12-18 15:14:01,358 | INFO | Scraping page 153
2025-12-18 15:14:01,425 | ERROR | Network error on page 153: 404 Client Error: Not Found for url: https://ibbi.gov.in/resolution-plans?page=153
2025-12-18 15:14:01,425 | INFO | Stopping scraper at page 153
2025-12-18 15:14:01,425 | INFO | Scraping completed. Total records: 3031
2025-12-18 15:14:01,630 | INFO | Excel file saved successfully: /Users/aditya/Scrapping_ibbi_data/api/../output/ibbi_resolution_plans_2025-12-18_15-11-07.xlsx
2025-12-18 15:14:01,632 | INFO | 127.0.0.1 - - [18/Dec/2025 15:14:01] "GET /start-scraping HTTP/1.1" 200 -
2025-12-18 15:25:43,598 | INFO | 127.0.0.1 - - [18/Dec/2025 15:25:43] "[36mGET / HTTP/1.1[0m" 304 -
2025-12-18 15:25:45,859 | INFO | IBBI Scraper initialized
2025-12-18 15:25:45,859 | INFO | HTTP session with retry configured
2025-12-18 15:25:45,860 | INFO | Scraping started
2025-12-18 15:25:45,860 | INFO | Processing page 1
2025-12-18 15:25:45,860 | INFO | Scraping page 1
2025-12-18 15:25:46,097 | INFO | Page 1 scraped successfully with 20 records
2025-12-18 15:25:47,102 | INFO | Processing page 2
2025-12-18 15:25:47,102 | INFO | Scraping page 2
2025-12-18 15:25:47,217 | INFO | Page 2 scraped successfully with 20 records
2025-12-18 15:25:48,223 | INFO | Processing page 3
2025-12-18 15:25:48,223 | INFO | Scraping page 3
2025-12-18 15:25:48,338 | INFO | Page 3 scraped successfully with 20 records
2025-12-18 15:25:49,343 | INFO | Processing page 4
2025-12-18 15:25:49,343 | INFO | Scraping page 4
2025-12-18 15:25:49,461 | INFO | Page 4 scraped successfully with 20 records
2025-12-18 15:25:50,466 | INFO | Processing page 5
2025-12-18 15:25:50,466 | INFO | Scraping page 5
2025-12-18 15:25:50,592 | INFO | Page 5 scraped successfully with 20 records
2025-12-18 15:25:51,597 | INFO | Processing page 6
2025-12-18 15:25:51,598 | INFO | Scraping page 6
2025-12-18 15:25:51,728 | INFO | Page 6 scraped successfully with 20 records
2025-12-18 15:25:52,733 | INFO | Processing page 7
2025-12-18 15:25:52,734 | INFO | Scraping page 7
2025-12-18 15:25:52,865 | INFO | Page 7 scraped successfully with 20 records
2025-12-18 15:25:53,870 | INFO | Processing page 8
2025-12-18 15:25:53,870 | INFO | Scraping page 8
2025-12-18 15:25:54,006 | INFO | Page 8 scraped successfully with 20 records
2025-12-18 15:25:55,012 | INFO | Processing page 9
2025-12-18 15:25:55,012 | INFO | Scraping page 9
2025-12-18 15:25:55,149 | INFO | Page 9 scraped successfully with 20 records
2025-12-18 15:25:56,160 | INFO | Processing page 10
2025-12-18 15:25:56,160 | INFO | Scraping page 10
2025-12-18 15:25:56,393 | INFO | Page 10 scraped successfully with 20 records
2025-12-18 15:25:57,403 | INFO | Processing page 11
2025-12-18 15:25:57,403 | INFO | Scraping page 11
2025-12-18 15:25:57,716 | INFO | Page 11 scraped successfully with 20 records
2025-12-18 15:25:58,726 | INFO | Processing page 12
2025-12-18 15:25:58,726 | INFO | Scraping page 12
2025-12-18 15:25:58,949 | INFO | Page 12 scraped successfully with 20 records
2025-12-18 15:25:59,959 | INFO | Processing page 13
2025-12-18 15:25:59,960 | INFO | Scraping page 13
2025-12-18 15:26:00,096 | INFO | Page 13 scraped successfully with 20 records
2025-12-18 15:41:00,887 | INFO | Processing page 14
2025-12-18 15:41:00,887 | INFO | Scraping page 14
2025-12-18 15:41:20,892 | WARNING | Retrying (Retry(total=2, connect=None, read=None, redirect=None, status=None)) after connection broken by 'ReadTimeoutError("HTTPSConnectionPool(host='ibbi.gov.in', port=443): Read timed out. (read timeout=20)")': /resolution-plans?page=14
2025-12-18 15:41:21,115 | INFO | Page 14 scraped successfully with 20 records
2025-12-18 15:41:22,126 | INFO | Processing page 15
2025-12-18 15:41:22,126 | INFO | Scraping page 15
2025-12-18 15:41:22,364 | INFO | Page 15 scraped successfully with 20 records
2025-12-18 15:41:23,374 | INFO | Processing page 16
2025-12-18 15:41:23,375 | INFO | Scraping page 16
2025-12-18 15:41:23,722 | INFO | Page 16 scraped successfully with 20 records
2025-12-18 15:41:24,732 | INFO | Processing page 17
2025-12-18 15:41:24,733 | INFO | Scraping page 17
2025-12-18 15:41:25,078 | INFO | Page 17 scraped successfully with 20 records
2025-12-18 15:41:26,088 | INFO | Processing page 18
2025-12-18 15:41:26,089 | INFO | Scraping page 18
2025-12-18 15:41:26,302 | INFO | Page 18 scraped successfully with 20 records
2025-12-18 15:41:27,312 | INFO | Processing page 19
2025-12-18 15:41:27,312 | INFO | Scraping page 19
2025-12-18 15:41:27,535 | INFO | Page 19 scraped successfully with 20 records
2025-12-18 15:41:28,545 | INFO | Processing page 20
2025-12-18 15:41:28,545 | INFO | Scraping page 20
2025-12-18 15:41:28,661 | INFO | Page 20 scraped successfully with 20 records
2025-12-18 15:41:29,672 | INFO | Processing page 21
2025-12-18 15:41:29,672 | INFO | Scraping page 21
2025-12-18 15:41:29,784 | INFO | Page 21 scraped successfully with 20 records
2025-12-18 15:41:30,794 | INFO | Processing page 22
2025-12-18 15:41:30,795 | INFO | Scraping page 22
2025-12-18 15:41:30,920 | INFO | Page 22 scraped successfully with 20 records
2025-12-18 15:41:31,931 | INFO | Processing page 23
2025-12-18 15:41:31,931 | INFO | Scraping page 23
2025-12-18 15:41:32,053 | INFO | Page 23 scraped successfully with 20 records
2025-12-18 15:41:33,063 | INFO | Processing page 24
2025-12-18 15:41:33,063 | INFO | Scraping page 24
2025-12-18 15:41:33,183 | INFO | Page 24 scraped successfully with 20 records
2025-12-18 15:41:34,193 | INFO | Processing page 25
2025-12-18 15:41:34,193 | INFO | Scraping page 25
2025-12-18 15:41:34,306 | INFO | Page 25 scraped successfully with 20 records
2025-12-18 15:41:35,316 | INFO | Processing page 26
2025-12-18 15:41:35,316 | INFO | Scraping page 26
2025-12-18 15:41:35,447 | INFO | Page 26 scraped successfully with 20 records
2025-12-18 15:41:36,457 | INFO | Processing page 27
2025-12-18 15:41:36,457 | INFO | Scraping page 27
2025-12-18 15:41:36,571 | INFO | Page 27 scraped successfully with 20 records
2025-12-18 15:41:37,581 | INFO | Processing page 28
2025-12-18 15:41:37,581 | INFO | Scraping page 28
2025-12-18 15:41:37,685 | INFO | Page 28 scraped successfully with 20 records
2025-12-18 15:41:38,695 | INFO | Processing page 29
2025-12-18 15:41:38,695 | INFO | Scraping page 29
2025-12-18 15:41:38,808 | INFO | Page 29 scraped successfully with 20 records
2025-12-18 15:41:39,818 | INFO | Processing page 30
2025-12-18 15:41:39,818 | INFO | Scraping page 30
2025-12-18 15:41:39,942 | INFO | Page 30 scraped successfully with 20 records
2025-12-18 15:41:40,952 | INFO | Processing page 31
2025-12-18 15:41:40,952 | INFO | Scraping page 31
2025-12-18 15:41:41,083 | INFO | Page 31 scraped successfully with 20 records
2025-12-18 15:41:42,094 | INFO | Processing page 32
2025-12-18 15:41:42,094 | INFO | Scraping page 32
2025-12-18 15:41:42,209 | INFO | Page 32 scraped successfully with 20 records
2025-12-18 15:41:43,219 | INFO | Processing page 33
2025-12-18 15:41:43,220 | INFO | Scraping page 33
2025-12-18 15:41:43,339 | INFO | Page 33 scraped successfully with 20 records
2025-12-18 15:41:44,350 | INFO | Processing page 34
2025-12-18 15:41:44,350 | INFO | Scraping page 34
2025-12-18 15:41:44,469 | INFO | Page 34 scraped successfully with 20 records
2025-12-18 15:41:45,479 | INFO | Processing page 35
2025-12-18 15:41:45,480 | INFO | Scraping page 35
2025-12-18 15:41:45,601 | INFO | Page 35 scraped successfully with 20 records
2025-12-18 15:41:46,611 | INFO | Processing page 36
2025-12-18 15:41:46,611 | INFO | Scraping page 36
2025-12-18 15:41:46,734 | INFO | Page 36 scraped successfully with 20 records
2025-12-18 15:41:47,744 | INFO | Processing page 37
2025-12-18 15:41:47,744 | INFO | Scraping page 37
2025-12-18 15:41:47,872 | INFO | Page 37 scraped successfully with 20 records
2025-12-18 15:41:48,882 | INFO | Processing page 38
2025-12-18 15:41:48,882 | INFO | Scraping page 38
2025-12-18 15:41:49,001 | INFO | Page 38 scraped successfully with 20 records
2025-12-18 15:41:50,012 | INFO | Processing page 39
2025-12-18 15:41:50,012 | INFO | Scraping page 39
2025-12-18 15:41:50,138 | INFO | Page 39 scraped successfully with 20 records
2025-12-18 15:41:51,148 | INFO | Processing page 40
2025-12-18 15:41:51,148 | INFO | Scraping page 40
2025-12-18 15:41:51,257 | INFO | Page 40 scraped successfully with 20 records
2025-12-18 15:41:52,267 | INFO | Processing page 41
2025-12-18 15:41:52,267 | INFO | Scraping page 41
2025-12-18 15:41:52,387 | INFO | Page 41 scraped successfully with 20 records
2025-12-18 15:41:53,397 | INFO | Processing page 42
2025-12-18 15:41:53,397 | INFO | Scraping page 42
2025-12-18 15:41:53,514 | INFO | Page 42 scraped successfully with 20 records
2025-12-18 15:41:54,524 | INFO | Processing page 43
2025-12-18 15:41:54,524 | INFO | Scraping page 43
2025-12-18 15:41:54,652 | INFO | Page 43 scraped successfully with 20 records
2025-12-18 15:41:55,662 | INFO | Processing page 44
2025-12-18 15:41:55,663 | INFO | Scraping page 44
2025-12-18 15:41:55,770 | INFO | Page 44 scraped successfully with 20 records
2025-12-18 15:41:56,780 | INFO | Processing page 45
2025-12-18 15:41:56,780 | INFO | Scraping page 45
2025-12-18 15:41:56,894 | INFO | Page 45 scraped successfully with 20 records
2025-12-18 15:41:57,904 | INFO | Processing page 46
2025-12-18 15:41:57,905 | INFO | Scraping page 46
2025-12-18 15:41:58,029 | INFO | Page 46 scraped successfully with 20 records
2025-12-18 15:41:59,040 | INFO | Processing page 47
2025-12-18 15:41:59,040 | INFO | Scraping page 47
2025-12-18 15:41:59,177 | INFO | Page 47 scraped successfully with 20 records
2025-12-18 15:42:00,187 | INFO | Processing page 48
2025-12-18 15:42:00,187 | INFO | Scraping page 48
2025-12-18 15:42:00,309 | INFO | Page 48 scraped successfully with 20 records
2025-12-18 15:42:01,320 | INFO | Processing page 49
2025-12-18 15:42:01,320 | INFO | Scraping page 49
2025-12-18 15:42:01,430 | INFO | Page 49 scraped successfully with 20 records
2025-12-18 15:42:02,440 | INFO | Processing page 50
2025-12-18 15:42:02,440 | INFO | Scraping page 50
2025-12-18 15:42:02,573 | INFO | Page 50 scraped successfully with 20 records
2025-12-18 15:42:03,583 | INFO | Processing page 51
2025-12-18 15:42:03,583 | INFO | Scraping page 51
2025-12-18 15:42:03,694 | INFO | Page 51 scraped successfully with 20 records
2025-12-18 15:42:04,705 | INFO | Processing page 52
2025-12-18 15:42:04,705 | INFO | Scraping page 52
2025-12-18 15:42:04,812 | INFO | Page 52 scraped successfully with 20 records
2025-12-18 15:42:05,823 | INFO | Processing page 53
2025-12-18 15:42:05,823 | INFO | Scraping page 53
2025-12-18 15:42:05,933 | INFO | Page 53 scraped successfully with 20 records
2025-12-18 15:42:06,944 | INFO | Processing page 54
2025-12-18 15:42:06,944 | INFO | Scraping page 54
2025-12-18 15:42:07,057 | INFO | Page 54 scraped successfully with 20 records
2025-12-18 15:42:08,067 | INFO | Processing page 55
2025-12-18 15:42:08,067 | INFO | Scraping page 55
2025-12-18 15:42:08,177 | INFO | Page 55 scraped successfully with 20 records
2025-12-18 15:42:09,188 | INFO | Processing page 56
2025-12-18 15:42:09,188 | INFO | Scraping page 56
2025-12-18 15:42:09,319 | INFO | Page 56 scraped successfully with 20 records
2025-12-18 15:42:10,329 | INFO | Processing page 57
2025-12-18 15:42:10,330 | INFO | Scraping page 57
2025-12-18 15:42:10,463 | INFO | Page 57 scraped successfully with 20 records
2025-12-18 15:42:11,474 | INFO | Processing page 58
2025-12-18 15:42:11,474 | INFO | Scraping page 58
2025-12-18 15:42:11,626 | INFO | Page 58 scraped successfully with 20 records
2025-12-18 15:42:12,636 | INFO | Processing page 59
2025-12-18 15:42:12,636 | INFO | Scraping page 59
2025-12-18 15:42:12,776 | INFO | Page 59 scraped successfully with 20 records
2025-12-18 15:42:13,787 | INFO | Processing page 60
2025-12-18 15:42:13,787 | INFO | Scraping page 60
2025-12-18 15:42:13,905 | INFO | Page 60 scraped successfully with 20 records
2025-12-18 15:42:14,915 | INFO | Processing page 61
2025-12-18 15:42:14,915 | INFO | Scraping page 61
2025-12-18 15:42:15,051 | INFO | Page 61 scraped successfully with 20 records
2025-12-18 15:42:16,061 | INFO | Processing page 62
2025-12-18 15:42:16,062 | INFO | Scraping page 62
2025-12-18 15:42:16,185 | INFO | Page 62 scraped successfully with 20 records
2025-12-18 15:42:17,195 | INFO | Processing page 63
2025-12-18 15:42:17,196 | INFO | Scraping page 63
2025-12-18 15:42:17,336 | INFO | Page 63 scraped successfully with 20 records
2025-12-18 15:42:18,347 | INFO | Processing page 64
2025-12-18 15:42:18,347 | INFO | Scraping page 64
2025-12-18 15:42:18,480 | INFO | Page 64 scraped successfully with 20 records
2025-12-18 15:42:19,490 | INFO | Processing page 65
2025-12-18 15:42:19,490 | INFO | Scraping page 65
2025-12-18 15:42:19,621 | INFO | Page 65 scraped successfully with 20 records
2025-12-18 15:42:20,631 | INFO | Processing page 66
2025-12-18 15:42:20,632 | INFO | Scraping page 66
2025-12-18 15:42:20,755 | INFO | Page 66 scraped successfully with 20 records
2025-12-18 15:42:21,765 | INFO | Processing page 67
2025-12-18 15:42:21,765 | INFO | Scraping page 67
2025-12-18 15:42:21,896 | INFO | Page 67 scraped successfully with 20 records
2025-12-18 15:42:22,906 | INFO | Processing page 68
2025-12-18 15:42:22,907 | INFO | Scraping page 68
2025-12-18 15:42:23,028 | INFO | Page 68 scraped successfully with 20 records
2025-12-18 15:42:24,038 | INFO | Processing page 69
2025-12-18 15:42:24,039 | INFO | Scraping page 69
2025-12-18 15:42:24,159 | INFO | Page 69 scraped successfully with 20 records
2025-12-18 15:42:25,169 | INFO | Processing page 70
2025-12-18 15:42:25,169 | INFO | Scraping page 70
2025-12-18 15:42:25,287 | INFO | Page 70 scraped successfully with 20 records
2025-12-18 15:42:26,298 | INFO | Processing page 71
2025-12-18 15:42:26,298 | INFO | Scraping page 71
2025-12-18 15:42:26,415 | INFO | Page 71 scraped successfully with 20 records
2025-12-18 15:42:27,425 | INFO | Processing page 72
2025-12-18 15:42:27,426 | INFO | Scraping page 72
2025-12-18 15:42:27,550 | INFO | Page 72 scraped successfully with 20 records
2025-12-18 15:42:28,560 | INFO | Processing page 73
2025-12-18 15:42:28,561 | INFO | Scraping page 73
2025-12-18 15:42:28,693 | INFO | Page 73 scraped successfully with 20 records
2025-12-18 15:42:29,703 | INFO | Processing page 74
2025-12-18 15:42:29,704 | INFO | Scraping page 74
2025-12-18 15:42:29,835 | INFO | Page 74 scraped successfully with 20 records
2025-12-18 15:42:30,845 | INFO | Processing page 75
2025-12-18 15:42:30,845 | INFO | Scraping page 75
2025-12-18 15:42:30,982 | INFO | Page 75 scraped successfully with 20 records
2025-12-18 15:42:31,993 | INFO | Processing page 76
2025-12-18 15:42:31,993 | INFO | Scraping page 76
2025-12-18 15:42:32,133 | INFO | Page 76 scraped successfully with 20 records
2025-12-18 15:42:33,144 | INFO | Processing page 77
2025-12-18 15:42:33,144 | INFO | Scraping page 77
2025-12-18 15:42:33,248 | INFO | Page 77 scraped successfully with 20 records
2025-12-18 15:42:34,259 | INFO | Processing page 78
2025-12-18 15:42:34,259 | INFO | Scraping page 78
2025-12-18 15:42:34,377 | INFO | Page 78 scraped successfully with 20 records
2025-12-18 15:42:35,387 | INFO | Processing page 79
2025-12-18 15:42:35,388 | INFO | Scraping page 79
2025-12-18 15:42:35,504 | INFO | Page 79 scraped successfully with 20 records
2025-12-18 15:42:36,514 | INFO | Processing page 80
2025-12-18 15:42:36,514 | INFO | Scraping page 80
2025-12-18 15:42:36,627 | INFO | Page 80 scraped successfully with 20 records
2025-12-18 15:42:37,638 | INFO | Processing page 81
2025-12-18 15:42:37,638 | INFO | Scraping page 81
2025-12-18 15:42:37,763 | INFO | Page 81 scraped successfully with 20 records
2025-12-18 15:42:38,773 | INFO | Processing page 82
2025-12-18 15:42:38,773 | INFO | Scraping page 82
2025-12-18 15:42:38,907 | INFO | Page 82 scraped successfully with 20 records
2025-12-18 15:42:39,917 | INFO | Processing page 83
2025-12-18 15:42:39,918 | INFO | Scraping page 83
2025-12-18 15:42:40,053 | INFO | Page 83 scraped successfully with 20 records
2025-12-18 15:42:41,063 | INFO | Processing page 84
2025-12-18 15:42:41,063 | INFO | Scraping page 84
2025-12-18 15:42:41,189 | INFO | Page 84 scraped successfully with 20 records
2025-12-18 15:42:42,199 | INFO | Processing page 85
2025-12-18 15:42:42,199 | INFO | Scraping page 85
2025-12-18 15:42:42,334 | INFO | Page 85 scraped successfully with 20 records
2025-12-18 15:42:43,345 | INFO | Processing page 86
2025-12-18 15:42:43,345 | INFO | Scraping page 86
2025-12-18 15:42:43,483 | INFO | Page 86 scraped successfully with 20 records
2025-12-18 15:42:44,493 | INFO | Processing page 87
2025-12-18 15:42:44,494 | INFO | Scraping page 87
2025-12-18 15:42:44,612 | INFO | Page 87 scraped successfully with 20 records
2025-12-18 15:42:45,622 | INFO | Processing page 88
2025-12-18 15:42:45,623 | INFO | Scraping page 88
2025-12-18 15:42:45,751 | INFO | Page 88 scraped successfully with 20 records
2025-12-18 15:42:46,761 | INFO | Processing page 89
2025-12-18 15:42:46,762 | INFO | Scraping page 89
2025-12-18 15:42:46,894 | INFO | Page 89 scraped successfully with 20 records
2025-12-18 15:42:47,904 | INFO | Processing page 90
2025-12-18 15:42:47,905 | INFO | Scraping page 90
2025-12-18 15:42:48,040 | INFO | Page 90 scraped successfully with 20 records
2025-12-18 15:42:49,051 | INFO | Processing page 91
2025-12-18 15:42:49,051 | INFO | Scraping page 91
2025-12-18 15:42:49,177 | INFO | Page 91 scraped successfully with 20 records
2025-12-18 15:42:50,188 | INFO | Processing page 92
2025-12-18 15:42:50,188 | INFO | Scraping page 92
2025-12-18 15:42:50,309 | INFO | Page 92 scraped successfully with 20 records
2025-12-18 15:42:51,320 | INFO | Processing page 93
2025-12-18 15:42:51,320 | INFO | Scraping page 93
2025-12-18 15:42:51,436 | INFO | Page 93 scraped successfully with 20 records
2025-12-18 15:42:52,446 | INFO | Processing page 94
2025-12-18 15:42:52,446 | INFO | Scraping page 94
2025-12-18 15:42:52,556 | INFO | Page 94 scraped successfully with 20 records
2025-12-18 15:42:58,413 | INFO | Processing page 95
2025-12-18 15:42:58,413 | INFO | Scraping page 95
2025-12-18 15:42:58,891 | INFO | Page 95 scraped successfully with 20 records
2025-12-18 15:42:59,896 | INFO | Processing page 96
2025-12-18 15:42:59,897 | INFO | Scraping page 96
2025-12-18 15:43:00,201 | INFO | Page 96 scraped successfully with 20 records
2025-12-18 15:43:01,206 | INFO | Processing page 97
2025-12-18 15:43:01,208 | INFO | Scraping page 97
2025-12-18 15:43:01,428 | INFO | Page 97 scraped successfully with 20 records
2025-12-18 15:43:02,433 | INFO | Processing page 98
2025-12-18 15:43:02,433 | INFO | Scraping page 98
2025-12-18 15:43:02,588 | INFO | Page 98 scraped successfully with 20 records
2025-12-18 15:43:03,590 | INFO | Processing page 99
2025-12-18 15:43:03,591 | INFO | Scraping page 99
2025-12-18 15:43:03,707 | INFO | Page 99 scraped successfully with 20 records
2025-12-18 15:43:04,712 | INFO | Processing page 100
2025-12-18 15:43:04,712 | INFO | Scraping page 100
2025-12-18 15:43:04,835 | INFO | Page 100 scraped successfully with 20 records
2025-12-18 15:43:05,840 | INFO | Processing page 101
2025-12-18 15:43:05,841 | INFO | Scraping page 101
2025-12-18 15:43:05,976 | INFO | Page 101 scraped successfully with 20 records
2025-12-18 15:43:06,981 | INFO | Processing page 102
2025-12-18 15:43:06,982 | INFO | Scraping page 102
2025-12-18 15:43:07,096 | INFO | Page 102 scraped successfully with 20 records
2025-12-18 15:43:08,101 | INFO | Processing page 103
2025-12-18 15:43:08,102 | INFO | Scraping page 103
2025-12-18 15:43:08,222 | INFO | Page 103 scraped successfully with 20 records
2025-12-18 15:43:09,227 | INFO | Processing page 104
2025-12-18 15:43:09,227 | INFO | Scraping page 104
2025-12-18 15:43:09,346 | INFO | Page 104 scraped successfully with 20 records
2025-12-18 15:43:10,351 | INFO | Processing page 105
2025-12-18 15:43:10,351 | INFO | Scraping page 105
2025-12-18 15:43:10,449 | INFO | Page 105 scraped successfully with 20 records
2025-12-18 15:43:11,454 | INFO | Processing page 106
2025-12-18 15:43:11,454 | INFO | Scraping page 106
2025-12-18 15:43:11,574 | INFO | Page 106 scraped successfully with 20 records
2025-12-18 15:43:12,579 | INFO | Processing page 107
2025-12-18 15:43:12,579 | INFO | Scraping page 107
2025-12-18 15:43:12,700 | INFO | Page 107 scraped successfully with 20 records
2025-12-18 15:43:13,706 | INFO | Processing page 108
2025-12-18 15:43:13,707 | INFO | Scraping page 108
2025-12-18 15:43:13,826 | INFO | Page 108 scraped successfully with 20 records
2025-12-18 15:43:14,831 | INFO | Processing page 109
2025-12-18 15:43:14,831 | INFO | Scraping page 109
2025-12-18 15:43:14,938 | INFO | Page 109 scraped successfully with 20 records
2025-12-18 15:43:15,943 | INFO | Processing page 110
2025-12-18 15:43:15,944 | INFO | Scraping page 110
2025-12-18 15:43:16,071 | INFO | Page 110 scraped successfully with 20 records
2025-12-18 15:43:17,076 | INFO | Processing page 111
2025-12-18 15:43:17,077 | INFO | Scraping page 111
2025-12-18 15:43:17,197 | INFO | Page 111 scraped successfully with 20 records
2025-12-18 15:43:18,202 | INFO | Processing page 112
2025-12-18 15:43:18,203 | INFO | Scraping page 112
2025-12-18 15:43:18,322 | INFO | Page 112 scraped successfully with 20 records
2025-12-18 15:43:19,326 | INFO | Processing page 113
2025-12-18 15:43:19,326 | INFO | Scraping page 113
2025-12-18 15:43:19,508 | INFO | Page 113 scraped successfully with 20 records
2025-12-18 15:43:20,509 | INFO | Processing page 114
2025-12-18 15:43:20,509 | INFO | Scraping page 114
2025-12-18 15:43:20,688 | INFO | Page 114 scraped successfully with 20 records
2025-12-18 15:43:21,694 | INFO | Processing page 115
2025-12-18 15:43:21,694 | INFO | Scraping page 115
2025-12-18 15:43:21,885 | INFO | Page 115 scraped successfully with 20 records
2025-12-18 15:43:22,890 | INFO | Processing page 116
2025-12-18 15:43:22,891 | INFO | Scraping page 116
2025-12-18 15:43:23,144 | INFO | Page 116 scraped successfully with 20 records
2025-12-18 15:43:24,148 | INFO | Processing page 117
2025-12-18 15:43:24,149 | INFO | Scraping page 117
2025-12-18 15:43:24,496 | INFO | Page 117 scraped successfully with 20 records
2025-12-18 15:43:25,501 | INFO | Processing page 118
2025-12-18 15:43:25,501 | INFO | Scraping page 118
2025-12-18 15:43:25,631 | INFO | Page 118 scraped successfully with 20 records
2025-12-18 15:43:26,636 | INFO | Processing page 119
2025-12-18 15:43:26,636 | INFO | Scraping page 119
2025-12-18 15:43:26,773 | INFO | Page 119 scraped successfully with 20 records
2025-12-18 15:43:27,778 | INFO | Processing page 120
2025-12-18 15:43:27,779 | INFO | Scraping page 120
2025-12-18 15:43:27,928 | INFO | Page 120 scraped successfully with 20 records
2025-12-18 15:43:28,933 | INFO | Processing page 121
2025-12-18 15:43:28,934 | INFO | Scraping page 121
2025-12-18 15:43:29,060 | INFO | Page 121 scraped successfully with 20 records
2025-12-18 15:43:30,065 | INFO | Processing page 122
2025-12-18 15:43:30,065 | INFO | Scraping page 122
2025-12-18 15:43:30,203 | INFO | Page 122 scraped successfully with 20 records
2025-12-18 15:43:31,208 | INFO | Processing page 123
2025-12-18 15:43:31,209 | INFO | Scraping page 123
2025-12-18 15:43:31,330 | INFO | Page 123 scraped successfully with 20 records
2025-12-18 15:43:32,335 | INFO | Processing page 124
2025-12-18 15:43:32,335 | INFO | Scraping page 124
2025-12-18 15:43:32,458 | INFO | Page 124 scraped successfully with 20 records
2025-12-18 15:43:33,463 | INFO | Processing page 125
2025-12-18 15:43:33,464 | INFO | Scraping page 125
2025-12-18 15:43:33,590 | INFO | Page 125 scraped successfully with 20 records
2025-12-18 15:43:34,595 | INFO | Processing page 126
2025-12-18 15:43:34,596 | INFO | Scraping page 126
2025-12-18 15:43:34,722 | INFO | Page 126 scraped successfully with 20 records
2025-12-18 15:43:35,727 | INFO | Processing page 127
2025-12-18 15:43:35,728 | INFO | Scraping page 127
2025-12-18 15:43:35,846 | INFO | Page 127 scraped successfully with 20 records
2025-12-18 15:43:36,851 | INFO | Processing page 128
2025-12-18 15:43:36,852 | INFO | Scraping page 128
2025-12-18 15:43:36,966 | INFO | Page 128 scraped successfully with 20 records
2025-12-18 15:43:37,971 | INFO | Processing page 129
2025-12-18 15:43:37,972 | INFO | Scraping page 129
2025-12-18 15:43:38,095 | INFO | Page 129 scraped successfully with 20 records
2025-12-18 15:43:39,100 | INFO | Processing page 130
2025-12-18 15:43:39,100 | INFO | Scraping page 130
2025-12-18 15:43:39,220 | INFO | Page 130 scraped successfully with 20 records
2025-12-18 15:43:40,226 | INFO | Processing page 131
2025-12-18 15:43:40,226 | INFO | Scraping page 131
2025-12-18 15:43:40,352 | INFO | Page 131 scraped successfully with 20 records
2025-12-18 15:43:41,357 | INFO | Processing page 132
2025-12-18 15:43:41,357 | INFO | Scraping page 132
2025-12-18 15:43:41,482 | INFO | Page 132 scraped successfully with 20 records
2025-12-18 15:43:42,487 | INFO | Processing page 133
2025-12-18 15:43:42,487 | INFO | Scraping page 133
2025-12-18 15:43:42,625 | INFO | Page 133 scraped successfully with 20 records
2025-12-18 15:43:43,631 | INFO | Processing page 134
2025-12-18 15:43:43,631 | INFO | Scraping page 134
2025-12-18 15:43:43,753 | INFO | Page 134 scraped successfully with 20 records
2025-12-18 15:43:44,758 | INFO | Processing page 135
2025-12-18 15:43:44,758 | INFO | Scraping page 135
2025-12-18 15:43:44,900 | INFO | Page 135 scraped successfully with 20 records
2025-12-18 15:43:45,905 | INFO | Processing page 136
2025-12-18 15:43:45,905 | INFO | Scraping page 136
2025-12-18 15:43:46,037 | INFO | Page 136 scraped successfully with 20 records
2025-12-18 15:43:47,040 | INFO | Processing page 137
2025-12-18 15:43:47,040 | INFO | Scraping page 137
2025-12-18 15:43:47,162 | INFO | Page 137 scraped successfully with 20 records
2025-12-18 15:43:48,168 | INFO | Processing page 138
2025-12-18 15:43:48,168 | INFO | Scraping page 138
2025-12-18 15:43:48,302 | INFO | Page 138 scraped successfully with 20 records
2025-12-18 15:43:49,307 | INFO | Processing page 139
2025-12-18 15:43:49,308 | INFO | Scraping page 139
2025-12-18 15:43:49,433 | INFO | Page 139 scraped successfully with 20 records
2025-12-18 15:43:50,438 | INFO | Processing page 140
2025-12-18 15:43:50,439 | INFO | Scraping page 140
2025-12-18 15:43:50,554 | INFO | Page 140 scraped successfully with 20 records
2025-12-18 15:43:51,559 | INFO | Processing page 141
2025-12-18 15:43:51,559 | INFO | Scraping page 141
2025-12-18 15:43:51,695 | INFO | Page 141 scraped successfully with 20 records
2025-12-18 15:43:52,700 | INFO | Processing page 142
2025-12-18 15:43:52,700 | INFO | Scraping page 142
2025-12-18 15:43:52,823 | INFO | Page 142 scraped successfully with 20 records
2025-12-18 15:43:53,828 | INFO | Processing page 143
2025-12-18 15:43:53,828 | INFO | Scraping page 143
2025-12-18 15:43:53,951 | INFO | Page 143 scraped successfully with 20 records
2025-12-18 15:43:54,956 | INFO | Processing page 144
2025-12-18 15:43:54,956 | INFO | Scraping page 144
2025-12-18 15:43:55,075 | INFO | Page 144 scraped successfully with 20 records
2025-12-18 15:43:56,081 | INFO | Processing page 145
2025-12-18 15:43:56,081 | INFO | Scraping page 145
2025-12-18 15:43:56,213 | INFO | Page 145 scraped successfully with 20 records
2025-12-18 15:43:57,217 | INFO | Processing page 146
2025-12-18 15:43:57,218 | INFO | Scraping page 146
2025-12-18 15:43:57,332 | INFO | Page 146 scraped successfully with 20 records
2025-12-18 15:43:58,338 | INFO | Processing page 147
2025-12-18 15:43:58,338 | INFO | Scraping page 147
2025-12-18 15:43:58,455 | INFO | Page 147 scraped successfully with 20 records
2025-12-18 15:43:59,461 | INFO | Processing page 148
2025-12-18 15:43:59,461 | INFO | Scraping page 148
2025-12-18 15:43:59,579 | INFO | Page 148 scraped successfully with 20 records
2025-12-18 15:44:00,581 | INFO | Processing page 149
2025-12-18 15:44:00,582 | INFO | Scraping page 149
2025-12-18 15:44:00,687 | INFO | Page 149 scraped successfully with 20 records
2025-12-18 15:44:01,693 | INFO | Processing page 150
2025-12-18 15:44:01,693 | INFO | Scraping page 150
2025-12-18 15:44:01,831 | INFO | Page 150 scraped successfully with 20 records
2025-12-18 15:44:02,836 | INFO | Processing page 151
2025-12-18 15:44:02,837 | INFO | Scraping page 151
2025-12-18 15:44:02,969 | INFO | Page 151 scraped successfully with 20 records
2025-12-18 15:44:03,975 | INFO | Processing page 152
2025-12-18 15:44:03,976 | INFO | Scraping page 152
2025-12-18 15:44:04,089 | INFO | Page 152 scraped successfully with 11 records
2025-12-18 15:44:05,094 | INFO | Processing page 153
2025-12-18 15:44:05,095 | INFO | Scraping page 153
2025-12-18 15:44:05,166 | ERROR | Network error on page 153: 404 Client Error: Not Found for url: https://ibbi.gov.in/resolution-plans?page=153
2025-12-18 15:44:05,166 | WARNING | Empty data on page 153, retrying once
2025-12-18 15:44:05,167 | INFO | Scraping page 153
2025-12-18 15:44:05,228 | ERROR | Network error on page 153: 404 Client Error: Not Found for url: https://ibbi.gov.in/resolution-plans?page=153
2025-12-18 15:44:05,229 | INFO | Stopping scraper at page 153
2025-12-18 15:44:05,229 | INFO | Scraping completed. Total records: 3031
2025-12-18 15:44:05,455 | INFO | Excel file saved successfully: /Users/aditya/Scrapping_ibbi_data/api/../output/ibbi_resolution_plans_2025-12-18_15-25-45.xlsx
2025-12-18 15:44:05,456 | INFO | 127.0.0.1 - - [18/Dec/2025 15:44:05] "GET /start-scraping HTTP/1.1" 200 -
2025-12-18 15:52:59,633 | INFO | 127.0.0.1 - - [18/Dec/2025 15:52:59] "GET / HTTP/1.1" 200 -
2025-12-18 15:56:15,304 | INFO | 127.0.0.1 - - [18/Dec/2025 15:56:15] "GET / HTTP/1.1" 200 -
2025-12-18 15:56:15,327 | INFO | 127.0.0.1 - - [18/Dec/2025 15:56:15] "[33mGET /favicon.ico HTTP/1.1[0m" 404 -
2025-12-18 15:56:20,074 | INFO | 127.0.0.1 - - [18/Dec/2025 15:56:20] "[36mGET / HTTP/1.1[0m" 304 -
2025-12-18 15:56:21,357 | INFO | 127.0.0.1 - - [18/Dec/2025 15:56:21] "[36mGET / HTTP/1.1[0m" 304 -
2025-12-18 15:56:22,418 | INFO | IBBI Scraper initialized
2025-12-18 15:56:22,419 | INFO | HTTP session with retry configured
2025-12-18 15:56:22,420 | INFO | Scraping started
2025-12-18 15:56:22,420 | INFO | Processing page 1
2025-12-18 15:56:22,420 | INFO | Scraping page 1
2025-12-18 15:56:22,664 | INFO | Page 1 scraped successfully with 20 records
2025-12-18 15:56:23,669 | INFO | Processing page 2
2025-12-18 15:56:23,670 | INFO | Scraping page 2
2025-12-18 15:56:23,783 | INFO | Page 2 scraped successfully with 20 records
2025-12-18 15:56:24,788 | INFO | Processing page 3
2025-12-18 15:56:24,788 | INFO | Scraping page 3
2025-12-18 15:56:24,902 | INFO | Page 3 scraped successfully with 20 records
2025-12-18 15:56:25,907 | INFO | Processing page 4
2025-12-18 15:56:25,910 | INFO | Scraping page 4
2025-12-18 15:56:26,019 | INFO | Page 4 scraped successfully with 20 records
2025-12-18 15:56:27,024 | INFO | Processing page 5
2025-12-18 15:56:27,025 | INFO | Scraping page 5
2025-12-18 15:56:27,141 | INFO | Page 5 scraped successfully with 20 records
2025-12-18 15:56:28,146 | INFO | Processing page 6
2025-12-18 15:56:28,147 | INFO | Scraping page 6
2025-12-18 15:56:28,271 | INFO | Page 6 scraped successfully with 20 records
2025-12-18 15:56:29,276 | INFO | Processing page 7
2025-12-18 15:56:29,277 | INFO | Scraping page 7
2025-12-18 15:56:29,379 | INFO | Page 7 scraped successfully with 20 records
2025-12-18 15:56:30,384 | INFO | Processing page 8
2025-12-18 15:56:30,385 | INFO | Scraping page 8
2025-12-18 15:56:30,516 | INFO | Page 8 scraped successfully with 20 records
2025-12-18 15:56:31,521 | INFO | Processing page 9
2025-12-18 15:56:31,521 | INFO | Scraping page 9
2025-12-18 15:56:31,666 | INFO | Page 9 scraped successfully with 20 records
2025-12-18 15:56:32,672 | INFO | Processing page 10
2025-12-18 15:56:32,672 | INFO | Scraping page 10
2025-12-18 15:56:32,792 | INFO | Page 10 scraped successfully with 20 records
2025-12-18 15:56:33,797 | INFO | Processing page 11
2025-12-18 15:56:33,798 | INFO | Scraping page 11
2025-12-18 15:56:33,938 | INFO | Page 11 scraped successfully with 20 records
2025-12-18 15:56:34,944 | INFO | Processing page 12
2025-12-18 15:56:34,944 | INFO | Scraping page 12
2025-12-18 15:56:35,083 | INFO | Page 12 scraped successfully with 20 records
2025-12-18 15:56:36,085 | INFO | Processing page 13
2025-12-18 15:56:36,085 | INFO | Scraping page 13
2025-12-18 15:56:36,217 | INFO | Page 13 scraped successfully with 20 records
2025-12-18 15:56:37,222 | INFO | Processing page 14
2025-12-18 15:56:37,222 | INFO | Scraping page 14
2025-12-18 15:56:37,335 | INFO | Page 14 scraped successfully with 20 records
2025-12-18 15:56:38,340 | INFO | Processing page 15
2025-12-18 15:56:38,341 | INFO | Scraping page 15
2025-12-18 15:56:38,448 | INFO | Page 15 scraped successfully with 20 records
2025-12-18 15:56:39,451 | INFO | Processing page 16
2025-12-18 15:56:39,451 | INFO | Scraping page 16
2025-12-18 15:56:39,567 | INFO | Page 16 scraped successfully with 20 records
2025-12-18 15:56:40,572 | INFO | Processing page 17
2025-12-18 15:56:40,572 | INFO | Scraping page 17
2025-12-18 15:56:40,696 | INFO | Page 17 scraped successfully with 20 records
2025-12-18 15:56:41,701 | INFO | Processing page 18
2025-12-18 15:56:41,701 | INFO | Scraping page 18
2025-12-18 15:56:41,816 | INFO | Page 18 scraped successfully with 20 records
2025-12-18 15:56:42,821 | INFO | Processing page 19
2025-12-18 15:56:42,821 | INFO | Scraping page 19
2025-12-18 15:56:42,936 | INFO | Page 19 scraped successfully with 20 records
2025-12-18 15:56:43,941 | INFO | Processing page 20
2025-12-18 15:56:43,941 | INFO | Scraping page 20
2025-12-18 15:56:44,062 | INFO | Page 20 scraped successfully with 20 records
2025-12-18 15:56:45,067 | INFO | Processing page 21
2025-12-18 15:56:45,067 | INFO | Scraping page 21
2025-12-18 15:56:45,188 | INFO | Page 21 scraped successfully with 20 records
2025-12-18 15:56:46,193 | INFO | Processing page 22
2025-12-18 15:56:46,193 | INFO | Scraping page 22
2025-12-18 15:56:46,320 | INFO | Page 22 scraped successfully with 20 records
2025-12-18 15:56:47,326 | INFO | Processing page 23
2025-12-18 15:56:47,326 | INFO | Scraping page 23
2025-12-18 15:56:47,443 | INFO | Page 23 scraped successfully with 20 records
2025-12-18 15:56:48,449 | INFO | Processing page 24
2025-12-18 15:56:48,449 | INFO | Scraping page 24
2025-12-18 15:56:48,565 | INFO | Page 24 scraped successfully with 20 records
2025-12-18 15:56:49,569 | INFO | Processing page 25
2025-12-18 15:56:49,569 | INFO | Scraping page 25
2025-12-18 15:56:49,682 | INFO | Page 25 scraped successfully with 20 records
2025-12-18 15:56:50,688 | INFO | Processing page 26
2025-12-18 15:56:50,688 | INFO | Scraping page 26
2025-12-18 15:56:50,800 | INFO | Page 26 scraped successfully with 20 records
2025-12-18 15:56:51,805 | INFO | Processing page 27
2025-12-18 15:56:51,806 | INFO | Scraping page 27
2025-12-18 15:56:51,921 | INFO | Page 27 scraped successfully with 20 records
2025-12-18 15:56:52,927 | INFO | Processing page 28
2025-12-18 15:56:52,927 | INFO | Scraping page 28
2025-12-18 15:56:53,029 | INFO | Page 28 scraped successfully with 20 records
2025-12-18 15:56:54,035 | INFO | Processing page 29
2025-12-18 15:56:54,035 | INFO | Scraping page 29
2025-12-18 15:56:54,173 | INFO | Page 29 scraped successfully with 20 records
2025-12-18 15:56:55,178 | INFO | Processing page 30
2025-12-18 15:56:55,178 | INFO | Scraping page 30
2025-12-18 15:56:55,290 | INFO | Page 30 scraped successfully with 20 records
2025-12-18 15:56:56,296 | INFO | Processing page 31
2025-12-18 15:56:56,296 | INFO | Scraping page 31
2025-12-18 15:56:56,414 | INFO | Page 31 scraped successfully with 20 records
2025-12-18 15:56:57,420 | INFO | Processing page 32
2025-12-18 15:56:57,420 | INFO | Scraping page 32
2025-12-18 15:56:57,540 | INFO | Page 32 scraped successfully with 20 records
2025-12-18 15:56:58,545 | INFO | Processing page 33
2025-12-18 15:56:58,546 | INFO | Scraping page 33
2025-12-18 15:56:58,670 | INFO | Page 33 scraped successfully with 20 records
2025-12-18 15:56:59,675 | INFO | Processing page 34
2025-12-18 15:56:59,676 | INFO | Scraping page 34
2025-12-18 15:56:59,776 | INFO | Page 34 scraped successfully with 20 records
2025-12-18 15:57:00,781 | INFO | Processing page 35
2025-12-18 15:57:00,782 | INFO | Scraping page 35
2025-12-18 15:57:00,877 | INFO | Page 35 scraped successfully with 20 records
2025-12-18 15:57:01,880 | INFO | Processing page 36
2025-12-18 15:57:01,880 | INFO | Scraping page 36
2025-12-18 15:57:02,010 | INFO | Page 36 scraped successfully with 20 records
2025-12-18 15:57:03,015 | INFO | Processing page 37
2025-12-18 15:57:03,016 | INFO | Scraping page 37
2025-12-18 15:57:03,135 | INFO | Page 37 scraped successfully with 20 records
2025-12-18 15:57:04,140 | INFO | Processing page 38
2025-12-18 15:57:04,141 | INFO | Scraping page 38
2025-12-18 15:57:04,261 | INFO | Page 38 scraped successfully with 20 records
2025-12-18 15:57:05,267 | INFO | Processing page 39
2025-12-18 15:57:05,267 | INFO | Scraping page 39
2025-12-18 15:57:05,391 | INFO | Page 39 scraped successfully with 20 records
2025-12-18 15:57:06,396 | INFO | Processing page 40
2025-12-18 15:57:06,397 | INFO | Scraping page 40
2025-12-18 15:57:06,515 | INFO | Page 40 scraped successfully with 20 records
2025-12-18 15:57:07,520 | INFO | Processing page 41
2025-12-18 15:57:07,521 | INFO | Scraping page 41
2025-12-18 15:57:07,650 | INFO | Page 41 scraped successfully with 20 records
2025-12-18 15:57:08,656 | INFO | Processing page 42
2025-12-18 15:57:08,656 | INFO | Scraping page 42
2025-12-18 15:57:08,784 | INFO | Page 42 scraped successfully with 20 records
2025-12-18 15:57:09,790 | INFO | Processing page 43
2025-12-18 15:57:09,790 | INFO | Scraping page 43
2025-12-18 15:57:09,917 | INFO | Page 43 scraped successfully with 20 records
2025-12-18 15:57:10,922 | INFO | Processing page 44
2025-12-18 15:57:10,922 | INFO | Scraping page 44
2025-12-18 15:57:11,042 | INFO | Page 44 scraped successfully with 20 records
2025-12-18 15:57:12,047 | INFO | Processing page 45
2025-12-18 15:57:12,048 | INFO | Scraping page 45
2025-12-18 15:57:12,180 | INFO | Page 45 scraped successfully with 20 records
2025-12-18 15:57:13,186 | INFO | Processing page 46
2025-12-18 15:57:13,186 | INFO | Scraping page 46
2025-12-18 15:57:13,311 | INFO | Page 46 scraped successfully with 20 records
2025-12-18 15:57:14,316 | INFO | Processing page 47
2025-12-18 15:57:14,317 | INFO | Scraping page 47
2025-12-18 15:57:14,443 | INFO | Page 47 scraped successfully with 20 records
2025-12-18 15:57:15,448 | INFO | Processing page 48
2025-12-18 15:57:15,449 | INFO | Scraping page 48
2025-12-18 15:57:15,568 | INFO | Page 48 scraped successfully with 20 records
2025-12-18 15:57:16,573 | INFO | Processing page 49
2025-12-18 15:57:16,574 | INFO | Scraping page 49
2025-12-18 15:57:16,789 | INFO | Page 49 scraped successfully with 20 records
2025-12-18 15:57:17,794 | INFO | Processing page 50
2025-12-18 15:57:17,795 | INFO | Scraping page 50
2025-12-18 15:57:17,924 | INFO | Page 50 scraped successfully with 20 records
2025-12-18 15:57:18,929 | INFO | Processing page 51
2025-12-18 15:57:18,929 | INFO | Scraping page 51
2025-12-18 15:57:19,078 | INFO | Page 51 scraped successfully with 20 records
2025-12-18 15:57:20,083 | INFO | Processing page 52
2025-12-18 15:57:20,084 | INFO | Scraping page 52
2025-12-18 15:57:20,212 | INFO | Page 52 scraped successfully with 20 records
2025-12-18 15:57:21,217 | INFO | Processing page 53
2025-12-18 15:57:21,218 | INFO | Scraping page 53
2025-12-18 15:57:21,348 | INFO | Page 53 scraped successfully with 20 records
2025-12-18 15:57:22,353 | INFO | Processing page 54
2025-12-18 15:57:22,354 | INFO | Scraping page 54
2025-12-18 15:57:22,477 | INFO | Page 54 scraped successfully with 20 records
2025-12-18 15:57:23,482 | INFO | Processing page 55
2025-12-18 15:57:23,483 | INFO | Scraping page 55
2025-12-18 15:57:23,604 | INFO | Page 55 scraped successfully with 20 records
2025-12-18 15:57:24,609 | INFO | Processing page 56
2025-12-18 15:57:24,609 | INFO | Scraping page 56
2025-12-18 15:57:24,731 | INFO | Page 56 scraped successfully with 20 records
2025-12-18 15:57:25,737 | INFO | Processing page 57
2025-12-18 15:57:25,737 | INFO | Scraping page 57
2025-12-18 15:57:25,861 | INFO | Page 57 scraped successfully with 20 records
2025-12-18 15:57:26,866 | INFO | Processing page 58
2025-12-18 15:57:26,867 | INFO | Scraping page 58
2025-12-18 15:57:26,978 | INFO | Page 58 scraped successfully with 20 records
2025-12-18 15:57:27,983 | INFO | Processing page 59
2025-12-18 15:57:27,983 | INFO | Scraping page 59
2025-12-18 15:57:28,103 | INFO | Page 59 scraped successfully with 20 records
2025-12-18 15:57:29,109 | INFO | Processing page 60
2025-12-18 15:57:29,109 | INFO | Scraping page 60
2025-12-18 15:57:29,226 | INFO | Page 60 scraped successfully with 20 records
2025-12-18 15:57:30,232 | INFO | Processing page 61
2025-12-18 15:57:30,232 | INFO | Scraping page 61
2025-12-18 15:57:30,362 | INFO | Page 61 scraped successfully with 20 records
2025-12-18 15:57:31,367 | INFO | Processing page 62
2025-12-18 15:57:31,367 | INFO | Scraping page 62
2025-12-18 15:57:31,482 | INFO | Page 62 scraped successfully with 20 records
2025-12-18 15:57:32,488 | INFO | Processing page 63
2025-12-18 15:57:32,488 | INFO | Scraping page 63
2025-12-18 15:57:32,606 | INFO | Page 63 scraped successfully with 20 records
2025-12-18 15:57:33,611 | INFO | Processing page 64
2025-12-18 15:57:33,611 | INFO | Scraping page 64
2025-12-18 15:57:33,748 | INFO | Page 64 scraped successfully with 20 records
2025-12-18 15:57:34,751 | INFO | Processing page 65
2025-12-18 15:57:34,751 | INFO | Scraping page 65
2025-12-18 15:57:34,871 | INFO | Page 65 scraped successfully with 20 records
2025-12-18 15:57:35,876 | INFO | Processing page 66
2025-12-18 15:57:35,877 | INFO | Scraping page 66
2025-12-18 15:57:35,998 | INFO | Page 66 scraped successfully with 20 records
2025-12-18 15:57:37,003 | INFO | Processing page 67
2025-12-18 15:57:37,003 | INFO | Scraping page 67
2025-12-18 15:57:37,131 | INFO | Page 67 scraped successfully with 20 records
2025-12-18 15:57:38,136 | INFO | Processing page 68
2025-12-18 15:57:38,137 | INFO | Scraping page 68
2025-12-18 15:57:38,260 | INFO | Page 68 scraped successfully with 20 records
2025-12-18 15:57:39,265 | INFO | Processing page 69
2025-12-18 15:57:39,266 | INFO | Scraping page 69
2025-12-18 15:57:39,395 | INFO | Page 69 scraped successfully with 20 records
2025-12-18 15:57:40,400 | INFO | Processing page 70
2025-12-18 15:57:40,401 | INFO | Scraping page 70
2025-12-18 15:57:40,517 | INFO | Page 70 scraped successfully with 20 records
2025-12-18 15:57:41,523 | INFO | Processing page 71
2025-12-18 15:57:41,523 | INFO | Scraping page 71
2025-12-18 15:57:41,642 | INFO | Page 71 scraped successfully with 20 records
2025-12-18 15:57:42,647 | INFO | Processing page 72
2025-12-18 15:57:42,648 | INFO | Scraping page 72
2025-12-18 15:57:42,775 | INFO | Page 72 scraped successfully with 20 records
2025-12-18 15:57:43,780 | INFO | Processing page 73
2025-12-18 15:57:43,780 | INFO | Scraping page 73
2025-12-18 15:57:43,908 | INFO | Page 73 scraped successfully with 20 records
2025-12-18 15:57:44,913 | INFO | Processing page 74
2025-12-18 15:57:44,915 | INFO | Scraping page 74
2025-12-18 15:57:45,043 | INFO | Page 74 scraped successfully with 20 records
2025-12-18 15:57:46,048 | INFO | Processing page 75
2025-12-18 15:57:46,048 | INFO | Scraping page 75
2025-12-18 15:57:46,170 | INFO | Page 75 scraped successfully with 20 records
2025-12-18 15:57:47,176 | INFO | Processing page 76
2025-12-18 15:57:47,176 | INFO | Scraping page 76
2025-12-18 15:57:47,299 | INFO | Page 76 scraped successfully with 20 records
2025-12-18 15:57:48,301 | INFO | Processing page 77
2025-12-18 15:57:48,301 | INFO | Scraping page 77
2025-12-18 15:57:48,450 | INFO | Page 77 scraped successfully with 20 records
2025-12-18 15:57:49,456 | INFO | Processing page 78
2025-12-18 15:57:49,456 | INFO | Scraping page 78
2025-12-18 15:57:49,577 | INFO | Page 78 scraped successfully with 20 records
2025-12-18 15:57:50,582 | INFO | Processing page 79
2025-12-18 15:57:50,582 | INFO | Scraping page 79
2025-12-18 15:57:50,697 | INFO | Page 79 scraped successfully with 20 records
2025-12-18 15:57:51,701 | INFO | Processing page 80
2025-12-18 15:57:51,701 | INFO | Scraping page 80
2025-12-18 15:57:51,814 | INFO | Page 80 scraped successfully with 20 records
2025-12-18 15:57:52,819 | INFO | Processing page 81
2025-12-18 15:57:52,819 | INFO | Scraping page 81
2025-12-18 15:57:52,932 | INFO | Page 81 scraped successfully with 20 records
2025-12-18 15:57:53,934 | INFO | Processing page 82
2025-12-18 15:57:53,934 | INFO | Scraping page 82
2025-12-18 15:57:54,051 | INFO | Page 82 scraped successfully with 20 records
2025-12-18 15:57:55,056 | INFO | Processing page 83
2025-12-18 15:57:55,056 | INFO | Scraping page 83
2025-12-18 15:57:55,176 | INFO | Page 83 scraped successfully with 20 records
2025-12-18 15:57:56,181 | INFO | Processing page 84
2025-12-18 15:57:56,182 | INFO | Scraping page 84
2025-12-18 15:57:56,292 | INFO | Page 84 scraped successfully with 20 records
2025-12-18 15:57:57,294 | INFO | Processing page 85
2025-12-18 15:57:57,295 | INFO | Scraping page 85
2025-12-18 15:57:57,428 | INFO | Page 85 scraped successfully with 20 records
2025-12-18 15:57:58,434 | INFO | Processing page 86
2025-12-18 15:57:58,434 | INFO | Scraping page 86
2025-12-18 15:57:58,559 | INFO | Page 86 scraped successfully with 20 records
2025-12-18 15:57:59,564 | INFO | Processing page 87
2025-12-18 15:57:59,564 | INFO | Scraping page 87
2025-12-18 15:57:59,688 | INFO | Page 87 scraped successfully with 20 records
2025-12-18 15:58:00,693 | INFO | Processing page 88
2025-12-18 15:58:00,694 | INFO | Scraping page 88
2025-12-18 15:58:00,827 | INFO | Page 88 scraped successfully with 20 records
2025-12-18 15:58:01,832 | INFO | Processing page 89
2025-12-18 15:58:01,833 | INFO | Scraping page 89
2025-12-18 15:58:01,970 | INFO | Page 89 scraped successfully with 20 records
2025-12-18 15:58:02,975 | INFO | Processing page 90
2025-12-18 15:58:02,976 | INFO | Scraping page 90
2025-12-18 15:58:03,097 | INFO | Page 90 scraped successfully with 20 records
2025-12-18 15:58:04,102 | INFO | Processing page 91
2025-12-18 15:58:04,102 | INFO | Scraping page 91
2025-12-18 15:58:04,238 | INFO | Page 91 scraped successfully with 20 records
2025-12-18 15:58:05,243 | INFO | Processing page 92
2025-12-18 15:58:05,244 | INFO | Scraping page 92
2025-12-18 15:58:05,372 | INFO | Page 92 scraped successfully with 20 records
2025-12-18 15:58:06,378 | INFO | Processing page 93
2025-12-18 15:58:06,378 | INFO | Scraping page 93
2025-12-18 15:58:06,500 | INFO | Page 93 scraped successfully with 20 records
2025-12-18 15:58:07,506 | INFO | Processing page 94
2025-12-18 15:58:07,506 | INFO | Scraping page 94
2025-12-18 15:58:07,626 | INFO | Page 94 scraped successfully with 20 records
2025-12-18 15:58:08,632 | INFO | Processing page 95
2025-12-18 15:58:08,632 | INFO | Scraping page 95
2025-12-18 15:58:08,752 | INFO | Page 95 scraped successfully with 20 records
2025-12-18 15:58:09,757 | INFO | Processing page 96
2025-12-18 15:58:09,757 | INFO | Scraping page 96
2025-12-18 15:58:09,875 | INFO | Page 96 scraped successfully with 20 records
2025-12-18 15:58:10,880 | INFO | Processing page 97
2025-12-18 15:58:10,880 | INFO | Scraping page 97
2025-12-18 15:58:11,006 | INFO | Page 97 scraped successfully with 20 records
2025-12-18 15:58:12,011 | INFO | Processing page 98
2025-12-18 15:58:12,012 | INFO | Scraping page 98
2025-12-18 15:58:12,131 | INFO | Page 98 scraped successfully with 20 records
2025-12-18 15:58:13,136 | INFO | Processing page 99
2025-12-18 15:58:13,136 | INFO | Scraping page 99
2025-12-18 15:58:13,258 | INFO | Page 99 scraped successfully with 20 records
2025-12-18 15:58:14,264 | INFO | Processing page 100
2025-12-18 15:58:14,264 | INFO | Scraping page 100
2025-12-18 15:58:14,385 | INFO | Page 100 scraped successfully with 20 records
2025-12-18 15:58:15,390 | INFO | Processing page 101
2025-12-18 15:58:15,390 | INFO | Scraping page 101
2025-12-18 15:58:15,521 | INFO | Page 101 scraped successfully with 20 records
2025-12-18 15:58:16,526 | INFO | Processing page 102
2025-12-18 15:58:16,526 | INFO | Scraping page 102
2025-12-18 15:58:16,660 | INFO | Page 102 scraped successfully with 20 records
2025-12-18 15:58:17,665 | INFO | Processing page 103
2025-12-18 15:58:17,665 | INFO | Scraping page 103
2025-12-18 15:58:17,788 | INFO | Page 103 scraped successfully with 20 records
2025-12-18 15:58:18,792 | INFO | Processing page 104
2025-12-18 15:58:18,793 | INFO | Scraping page 104
2025-12-18 15:58:18,913 | INFO | Page 104 scraped successfully with 20 records
2025-12-18 15:58:19,918 | INFO | Processing page 105
2025-12-18 15:58:19,918 | INFO | Scraping page 105
2025-12-18 15:58:20,039 | INFO | Page 105 scraped successfully with 20 records
2025-12-18 15:58:21,044 | INFO | Processing page 106
2025-12-18 15:58:21,045 | INFO | Scraping page 106
2025-12-18 15:58:21,163 | INFO | Page 106 scraped successfully with 20 records
2025-12-18 15:58:22,166 | INFO | Processing page 107
2025-12-18 15:58:22,167 | INFO | Scraping page 107
2025-12-18 15:58:22,294 | INFO | Page 107 scraped successfully with 20 records
2025-12-18 15:58:23,299 | INFO | Processing page 108
2025-12-18 15:58:23,300 | INFO | Scraping page 108
2025-12-18 15:58:23,423 | INFO | Page 108 scraped successfully with 20 records
2025-12-18 15:58:24,428 | INFO | Processing page 109
2025-12-18 15:58:24,428 | INFO | Scraping page 109
2025-12-18 15:58:24,535 | INFO | Page 109 scraped successfully with 20 records
2025-12-18 15:58:25,540 | INFO | Processing page 110
2025-12-18 15:58:25,540 | INFO | Scraping page 110
2025-12-18 15:58:25,657 | INFO | Page 110 scraped successfully with 20 records
2025-12-18 15:58:26,662 | INFO | Processing page 111
2025-12-18 15:58:26,663 | INFO | Scraping page 111
2025-12-18 15:58:26,787 | INFO | Page 111 scraped successfully with 20 records
2025-12-18 15:58:27,792 | INFO | Processing page 112
2025-12-18 15:58:27,792 | INFO | Scraping page 112
2025-12-18 15:58:27,905 | INFO | Page 112 scraped successfully with 20 records
2025-12-18 15:58:28,911 | INFO | Processing page 113
2025-12-18 15:58:28,911 | INFO | Scraping page 113
2025-12-18 15:58:29,017 | INFO | Page 113 scraped successfully with 20 records
2025-12-18 15:58:30,019 | INFO | Processing page 114
2025-12-18 15:58:30,019 | INFO | Scraping page 114
2025-12-18 15:58:30,132 | INFO | Page 114 scraped successfully with 20 records
2025-12-18 15:58:31,136 | INFO | Processing page 115
2025-12-18 15:58:31,136 | INFO | Scraping page 115
2025-12-18 15:58:31,261 | INFO | Page 115 scraped successfully with 20 records
2025-12-18 15:58:32,267 | INFO | Processing page 116
2025-12-18 15:58:32,267 | INFO | Scraping page 116
2025-12-18 15:58:32,387 | INFO | Page 116 scraped successfully with 20 records
2025-12-18 15:58:33,392 | INFO | Processing page 117
2025-12-18 15:58:33,392 | INFO | Scraping page 117
2025-12-18 15:58:33,515 | INFO | Page 117 scraped successfully with 20 records
2025-12-18 15:58:34,520 | INFO | Processing page 118
2025-12-18 15:58:34,521 | INFO | Scraping page 118
2025-12-18 15:58:34,650 | INFO | Page 118 scraped successfully with 20 records
2025-12-18 15:58:35,656 | INFO | Processing page 119
2025-12-18 15:58:35,656 | INFO | Scraping page 119
2025-12-18 15:58:35,783 | INFO | Page 119 scraped successfully with 20 records
2025-12-18 15:58:36,788 | INFO | Processing page 120
2025-12-18 15:58:36,789 | INFO | Scraping page 120
2025-12-18 15:58:36,969 | INFO | Page 120 scraped successfully with 20 records
2025-12-18 15:58:37,974 | INFO | Processing page 121
2025-12-18 15:58:37,974 | INFO | Scraping page 121
2025-12-18 15:58:38,299 | INFO | Page 121 scraped successfully with 20 records
2025-12-18 15:58:39,307 | INFO | Processing page 122
2025-12-18 15:58:39,307 | INFO | Scraping page 122
2025-12-18 15:58:39,458 | INFO | Page 122 scraped successfully with 20 records
2025-12-18 15:58:40,463 | INFO | Processing page 123
2025-12-18 15:58:40,464 | INFO | Scraping page 123
2025-12-18 15:58:40,581 | INFO | Page 123 scraped successfully with 20 records
2025-12-18 15:58:41,586 | INFO | Processing page 124
2025-12-18 15:58:41,587 | INFO | Scraping page 124
2025-12-18 15:58:41,748 | INFO | Page 124 scraped successfully with 20 records
2025-12-18 15:58:42,754 | INFO | Processing page 125
2025-12-18 15:58:42,754 | INFO | Scraping page 125
2025-12-18 15:58:42,874 | INFO | Page 125 scraped successfully with 20 records
2025-12-18 15:58:43,879 | INFO | Processing page 126
2025-12-18 15:58:43,879 | INFO | Scraping page 126
2025-12-18 15:58:43,991 | INFO | Page 126 scraped successfully with 20 records
2025-12-18 15:58:44,996 | INFO | Processing page 127
2025-12-18 15:58:44,996 | INFO | Scraping page 127
2025-12-18 15:58:45,129 | INFO | Page 127 scraped successfully with 20 records
2025-12-18 15:58:46,133 | INFO | Processing page 128
2025-12-18 15:58:46,134 | INFO | Scraping page 128
2025-12-18 15:58:46,252 | INFO | Page 128 scraped successfully with 20 records
2025-12-18 15:58:47,257 | INFO | Processing page 129
2025-12-18 15:58:47,258 | INFO | Scraping page 129
2025-12-18 15:58:47,390 | INFO | Page 129 scraped successfully with 20 records
2025-12-18 15:58:48,395 | INFO | Processing page 130
2025-12-18 15:58:48,395 | INFO | Scraping page 130
2025-12-18 15:58:48,510 | INFO | Page 130 scraped successfully with 20 records
2025-12-18 15:58:49,516 | INFO | Processing page 131
2025-12-18 15:58:49,516 | INFO | Scraping page 131
2025-12-18 15:58:49,636 | INFO | Page 131 scraped successfully with 20 records
2025-12-18 15:58:50,641 | INFO | Processing page 132
2025-12-18 15:58:50,641 | INFO | Scraping page 132
2025-12-18 15:58:50,761 | INFO | Page 132 scraped successfully with 20 records
2025-12-18 15:58:51,766 | INFO | Processing page 133
2025-12-18 15:58:51,766 | INFO | Scraping page 133
2025-12-18 15:58:51,885 | INFO | Page 133 scraped successfully with 20 records
2025-12-18 15:58:52,890 | INFO | Processing page 134
2025-12-18 15:58:52,891 | INFO | Scraping page 134
2025-12-18 15:58:53,010 | INFO | Page 134 scraped successfully with 20 records
2025-12-18 15:58:54,015 | INFO | Processing page 135
2025-12-18 15:58:54,016 | INFO | Scraping page 135
2025-12-18 15:58:54,138 | INFO | Page 135 scraped successfully with 20 records
2025-12-18 15:58:55,143 | INFO | Processing page 136
2025-12-18 15:58:55,145 | INFO | Scraping page 136
2025-12-18 15:58:55,268 | INFO | Page 136 scraped successfully with 20 records
2025-12-18 15:58:56,273 | INFO | Processing page 137
2025-12-18 15:58:56,274 | INFO | Scraping page 137
2025-12-18 15:58:56,393 | INFO | Page 137 scraped successfully with 20 records
2025-12-18 15:58:57,398 | INFO | Processing page 138
2025-12-18 15:58:57,399 | INFO | Scraping page 138
2025-12-18 15:58:57,513 | INFO | Page 138 scraped successfully with 20 records
2025-12-18 15:58:58,519 | INFO | Processing page 139
2025-12-18 15:58:58,519 | INFO | Scraping page 139
2025-12-18 15:58:58,655 | INFO | Page 139 scraped successfully with 20 records
2025-12-18 15:58:59,660 | INFO | Processing page 140
2025-12-18 15:58:59,660 | INFO | Scraping page 140
2025-12-18 15:58:59,784 | INFO | Page 140 scraped successfully with 20 records
2025-12-18 15:59:00,789 | INFO | Processing page 141
2025-12-18 15:59:00,790 | INFO | Scraping page 141
2025-12-18 15:59:00,927 | INFO | Page 141 scraped successfully with 20 records
2025-12-18 15:59:01,933 | INFO | Processing page 142
2025-12-18 15:59:01,933 | INFO | Scraping page 142
2025-12-18 15:59:02,041 | INFO | Page 142 scraped successfully with 20 records
2025-12-18 15:59:03,047 | INFO | Processing page 143
2025-12-18 15:59:03,047 | INFO | Scraping page 143
2025-12-18 15:59:03,184 | INFO | Page 143 scraped successfully with 20 records
2025-12-18 15:59:04,189 | INFO | Processing page 144
2025-12-18 15:59:04,190 | INFO | Scraping page 144
2025-12-18 15:59:04,315 | INFO | Page 144 scraped successfully with 20 records
2025-12-18 15:59:05,318 | INFO | Processing page 145
2025-12-18 15:59:05,318 | INFO | Scraping page 145
2025-12-18 15:59:05,440 | INFO | Page 145 scraped successfully with 20 records
2025-12-18 15:59:06,446 | INFO | Processing page 146
2025-12-18 15:59:06,446 | INFO | Scraping page 146
2025-12-18 15:59:06,566 | INFO | Page 146 scraped successfully with 20 records
2025-12-18 15:59:07,571 | INFO | Processing page 147
2025-12-18 15:59:07,571 | INFO | Scraping page 147
2025-12-18 15:59:07,697 | INFO | Page 147 scraped successfully with 20 records
2025-12-18 15:59:08,703 | INFO | Processing page 148
2025-12-18 15:59:08,703 | INFO | Scraping page 148
2025-12-18 15:59:08,821 | INFO | Page 148 scraped successfully with 20 records
2025-12-18 15:59:09,825 | INFO | Processing page 149
2025-12-18 15:59:09,825 | INFO | Scraping page 149
2025-12-18 15:59:09,953 | INFO | Page 149 scraped successfully with 20 records
2025-12-18 15:59:10,958 | INFO | Processing page 150
2025-12-18 15:59:10,959 | INFO | Scraping page 150
2025-12-18 15:59:11,087 | INFO | Page 150 scraped successfully with 20 records
2025-12-18 15:59:12,092 | INFO | Processing page 151
2025-12-18 15:59:12,093 | INFO | Scraping page 151
2025-12-18 15:59:12,212 | INFO | Page 151 scraped successfully with 20 records
2025-12-18 15:59:13,218 | INFO | Processing page 152
2025-12-18 15:59:13,218 | INFO | Scraping page 152
2025-12-18 15:59:13,334 | INFO | Page 152 scraped successfully with 11 records
2025-12-18 15:59:14,339 | INFO | Processing page 153
2025-12-18 15:59:14,339 | INFO | Scraping page 153
2025-12-18 15:59:14,410 | ERROR | Network error on page 153: 404 Client Error: Not Found for url: https://ibbi.gov.in/resolution-plans?page=153
2025-12-18 15:59:14,410 | WARNING | Empty data on page 153, retrying once
2025-12-18 15:59:14,410 | INFO | Scraping page 153
2025-12-18 15:59:14,469 | ERROR | Network error on page 153: 404 Client Error: Not Found for url: https://ibbi.gov.in/resolution-plans?page=153
2025-12-18 15:59:14,469 | INFO | Stopping scraper at page 153
2025-12-18 15:59:14,469 | INFO | Scraping completed. Total records: 3031
2025-12-18 15:59:14,667 | INFO | Excel file saved successfully: /Users/aditya/Scrapping_ibbi_data/api/../output/ibbi_resolution_plans_2025-12-18_15-56-22.xlsx
2025-12-18 15:59:14,668 | INFO | 127.0.0.1 - - [18/Dec/2025 15:59:14] "GET /start-scraping HTTP/1.1" 200 -
2025-12-18 16:13:36,636 | INFO |  * Detected change in '/Users/aditya/Scrapping_ibbi_data/scraper/functions.py', reloading
2025-12-18 16:13:37,327 | INFO | Logger initialized for IBBI Scraper
2025-12-18 16:13:37,351 | WARNING |  * Debugger is active!
2025-12-18 16:13:37,369 | INFO |  * Debugger PIN: 114-974-740
2025-12-18 16:16:49,292 | INFO |  * Detected change in '/Users/aditya/Scrapping_ibbi_data/api/app.py', reloading
2025-12-18 16:16:49,808 | INFO | Logger initialized for IBBI Scraper
2025-12-18 16:16:49,834 | WARNING |  * Debugger is active!
2025-12-18 16:16:49,847 | INFO |  * Debugger PIN: 114-974-740
2025-12-18 16:17:34,263 | INFO | Logger initialized for IBBI Scraper
2025-12-18 16:17:52,274 | INFO | 127.0.0.1 - - [18/Dec/2025 16:17:52] "GET / HTTP/1.1" 200 -
2025-12-18 16:17:53,725 | INFO | IBBI Scraper initialized
2025-12-18 16:17:53,727 | INFO | HTTP session with retry configured
2025-12-18 16:17:53,727 | INFO | Progress callback registered
2025-12-18 16:17:53,727 | INFO | Scraping started
2025-12-18 16:17:53,727 | INFO | Processing page 1
2025-12-18 16:17:53,728 | INFO | Scraping page 1
2025-12-18 16:17:53,727 | INFO | 127.0.0.1 - - [18/Dec/2025 16:17:53] "GET /start-scraping HTTP/1.1" 200 -
2025-12-18 16:17:54,064 | INFO | Page 1 scraped successfully with 20 records
2025-12-18 16:17:55,069 | INFO | Processing page 2
2025-12-18 16:17:55,069 | INFO | Scraping page 2
2025-12-18 16:17:55,183 | INFO | Page 2 scraped successfully with 20 records
2025-12-18 16:17:56,188 | INFO | Processing page 3
2025-12-18 16:17:56,189 | INFO | Scraping page 3
2025-12-18 16:17:56,331 | INFO | Page 3 scraped successfully with 20 records
2025-12-18 16:17:57,336 | INFO | Processing page 4
2025-12-18 16:17:57,336 | INFO | Scraping page 4
2025-12-18 16:17:57,451 | INFO | Page 4 scraped successfully with 20 records
2025-12-18 16:17:58,456 | INFO | Processing page 5
2025-12-18 16:17:58,456 | INFO | Scraping page 5
2025-12-18 16:17:58,612 | INFO | Page 5 scraped successfully with 20 records
2025-12-18 16:17:59,618 | INFO | Processing page 6
2025-12-18 16:17:59,618 | INFO | Scraping page 6
2025-12-18 16:17:59,777 | INFO | Page 6 scraped successfully with 20 records
2025-12-18 16:18:00,782 | INFO | Processing page 7
2025-12-18 16:18:00,782 | INFO | Scraping page 7
2025-12-18 16:18:00,923 | INFO | Page 7 scraped successfully with 20 records
2025-12-18 16:18:01,923 | INFO | Processing page 8
2025-12-18 16:18:01,924 | INFO | Scraping page 8
2025-12-18 16:18:02,044 | INFO | Page 8 scraped successfully with 20 records
2025-12-18 16:18:03,049 | INFO | Processing page 9
2025-12-18 16:18:03,050 | INFO | Scraping page 9
2025-12-18 16:18:03,224 | INFO | Page 9 scraped successfully with 20 records
2025-12-18 16:18:04,229 | INFO | Processing page 10
2025-12-18 16:18:04,230 | INFO | Scraping page 10
2025-12-18 16:18:04,366 | INFO | Page 10 scraped successfully with 20 records
2025-12-18 16:18:05,371 | INFO | Processing page 11
2025-12-18 16:18:05,372 | INFO | Scraping page 11
2025-12-18 16:18:05,536 | INFO | Page 11 scraped successfully with 20 records
2025-12-18 16:18:06,540 | INFO | Processing page 12
2025-12-18 16:18:06,540 | INFO | Scraping page 12
2025-12-18 16:18:06,662 | INFO | Page 12 scraped successfully with 20 records
2025-12-18 16:18:06,974 | INFO | 127.0.0.1 - - [18/Dec/2025 16:18:06] "[36mGET / HTTP/1.1[0m" 304 -
2025-12-18 16:18:07,667 | INFO | Processing page 13
2025-12-18 16:18:07,668 | INFO | Scraping page 13
2025-12-18 16:18:07,787 | INFO | Page 13 scraped successfully with 20 records
2025-12-18 16:18:08,209 | INFO | 127.0.0.1 - - [18/Dec/2025 16:18:08] "[36mGET / HTTP/1.1[0m" 304 -
2025-12-18 16:18:08,793 | INFO | Processing page 14
2025-12-18 16:18:08,793 | INFO | Scraping page 14
2025-12-18 16:18:08,907 | INFO | Page 14 scraped successfully with 20 records
2025-12-18 16:18:09,913 | INFO | Processing page 15
2025-12-18 16:18:09,913 | INFO | Scraping page 15
2025-12-18 16:18:10,037 | INFO | Page 15 scraped successfully with 20 records
2025-12-18 16:18:11,043 | INFO | Processing page 16
2025-12-18 16:18:11,043 | INFO | Scraping page 16
2025-12-18 16:18:11,243 | INFO | Page 16 scraped successfully with 20 records
2025-12-18 16:18:12,248 | INFO | Processing page 17
2025-12-18 16:18:12,248 | INFO | Scraping page 17
2025-12-18 16:18:12,382 | INFO | Page 17 scraped successfully with 20 records
2025-12-18 16:18:13,387 | INFO | Processing page 18
2025-12-18 16:18:13,387 | INFO | Scraping page 18
2025-12-18 16:18:13,757 | INFO | Page 18 scraped successfully with 20 records
2025-12-18 16:18:14,762 | INFO | Processing page 19
2025-12-18 16:18:14,763 | INFO | Scraping page 19
2025-12-18 16:18:14,892 | INFO | Page 19 scraped successfully with 20 records
2025-12-18 16:18:15,897 | INFO | Processing page 20
2025-12-18 16:18:15,897 | INFO | Scraping page 20
2025-12-18 16:18:16,042 | INFO | Page 20 scraped successfully with 20 records
2025-12-18 16:18:17,047 | INFO | Processing page 21
2025-12-18 16:18:17,047 | INFO | Scraping page 21
2025-12-18 16:18:17,194 | INFO | Page 21 scraped successfully with 20 records
2025-12-18 16:18:18,199 | INFO | Processing page 22
2025-12-18 16:18:18,200 | INFO | Scraping page 22
2025-12-18 16:18:18,321 | INFO | Page 22 scraped successfully with 20 records
2025-12-18 16:18:19,326 | INFO | Processing page 23
2025-12-18 16:18:19,327 | INFO | Scraping page 23
2025-12-18 16:18:19,456 | INFO | Page 23 scraped successfully with 20 records
2025-12-18 16:18:20,461 | INFO | Processing page 24
2025-12-18 16:18:20,462 | INFO | Scraping page 24
2025-12-18 16:18:20,591 | INFO | Page 24 scraped successfully with 20 records
2025-12-18 16:18:21,596 | INFO | Processing page 25
2025-12-18 16:18:21,597 | INFO | Scraping page 25
2025-12-18 16:18:21,746 | INFO | Page 25 scraped successfully with 20 records
2025-12-18 16:18:22,752 | INFO | Processing page 26
2025-12-18 16:18:22,752 | INFO | Scraping page 26
2025-12-18 16:18:22,858 | INFO | Page 26 scraped successfully with 20 records
2025-12-18 16:18:23,863 | INFO | Processing page 27
2025-12-18 16:18:23,864 | INFO | Scraping page 27
2025-12-18 16:18:24,030 | INFO | Page 27 scraped successfully with 20 records
2025-12-18 16:18:25,036 | INFO | Processing page 28
2025-12-18 16:18:25,036 | INFO | Scraping page 28
2025-12-18 16:18:25,345 | INFO | Page 28 scraped successfully with 20 records
2025-12-18 16:18:26,350 | INFO | Processing page 29
2025-12-18 16:18:26,351 | INFO | Scraping page 29
2025-12-18 16:18:26,452 | INFO | Page 29 scraped successfully with 20 records
2025-12-18 16:18:27,457 | INFO | Processing page 30
2025-12-18 16:18:27,458 | INFO | Scraping page 30
2025-12-18 16:18:27,578 | INFO | Page 30 scraped successfully with 20 records
2025-12-18 16:18:28,410 | INFO |  * Detected change in '/Users/aditya/Scrapping_ibbi_data/api/app.py', reloading
2025-12-18 16:18:28,982 | INFO | Logger initialized for IBBI Scraper
2025-12-18 16:18:29,005 | WARNING |  * Debugger is active!
2025-12-18 16:18:29,017 | INFO |  * Debugger PIN: 114-974-740
2025-12-18 16:18:47,312 | INFO |  * Detected change in '/Users/aditya/Scrapping_ibbi_data/scraper/functions.py', reloading
2025-12-18 16:18:47,766 | INFO | Logger initialized on production server
2025-12-18 16:18:47,782 | WARNING |  * Debugger is active!
2025-12-18 16:18:47,792 | INFO |  * Debugger PIN: 114-974-740
2025-12-18 16:18:55,422 | INFO | 127.0.0.1 - - [18/Dec/2025 16:18:55] "[36mGET / HTTP/1.1[0m" 304 -
2025-12-18 16:19:00,705 | INFO | IBBI Scraper initialized
2025-12-18 16:19:00,706 | INFO | HTTP session with retry configured
2025-12-18 16:19:00,706 | INFO | Scraping started
2025-12-18 16:19:00,706 | INFO | Processing page 1
2025-12-18 16:19:00,706 | INFO | Scraping page 1
2025-12-18 16:19:01,072 | INFO | Page 1 scraped successfully with 20 records
2025-12-18 16:19:02,077 | INFO | Processing page 2
2025-12-18 16:19:02,077 | INFO | Scraping page 2
2025-12-18 16:19:02,201 | INFO | Page 2 scraped successfully with 20 records
2025-12-18 16:19:03,201 | INFO | Processing page 3
2025-12-18 16:19:03,202 | INFO | Scraping page 3
2025-12-18 16:19:03,328 | INFO | Page 3 scraped successfully with 20 records
2025-12-18 16:19:04,333 | INFO | Processing page 4
2025-12-18 16:19:04,334 | INFO | Scraping page 4
2025-12-18 16:19:04,505 | INFO | Page 4 scraped successfully with 20 records
2025-12-18 16:19:05,510 | INFO | Processing page 5
2025-12-18 16:19:05,510 | INFO | Scraping page 5
2025-12-18 16:19:05,648 | INFO | Page 5 scraped successfully with 20 records
2025-12-18 16:19:06,653 | INFO | Processing page 6
2025-12-18 16:19:06,653 | INFO | Scraping page 6
2025-12-18 16:19:06,788 | INFO | Page 6 scraped successfully with 20 records
2025-12-18 16:19:07,794 | INFO | Processing page 7
2025-12-18 16:19:07,794 | INFO | Scraping page 7
2025-12-18 16:19:07,971 | INFO | Page 7 scraped successfully with 20 records
2025-12-18 16:19:08,976 | INFO | Processing page 8
2025-12-18 16:19:08,977 | INFO | Scraping page 8
2025-12-18 16:19:09,134 | INFO | Page 8 scraped successfully with 20 records
2025-12-18 16:19:10,140 | INFO | Processing page 9
2025-12-18 16:19:10,140 | INFO | Scraping page 9
2025-12-18 16:19:10,511 | INFO | Page 9 scraped successfully with 20 records
2025-12-18 16:19:11,517 | INFO | Processing page 10
2025-12-18 16:19:11,517 | INFO | Scraping page 10
2025-12-18 16:19:11,637 | INFO | Page 10 scraped successfully with 20 records
2025-12-18 16:19:12,643 | INFO | Processing page 11
2025-12-18 16:19:12,643 | INFO | Scraping page 11
2025-12-18 16:19:12,804 | INFO | Page 11 scraped successfully with 20 records
2025-12-18 16:19:13,809 | INFO | Processing page 12
2025-12-18 16:19:13,809 | INFO | Scraping page 12
2025-12-18 16:19:14,027 | INFO | Page 12 scraped successfully with 20 records
2025-12-18 16:19:15,032 | INFO | Processing page 13
2025-12-18 16:19:15,032 | INFO | Scraping page 13
2025-12-18 16:19:15,155 | INFO | Page 13 scraped successfully with 20 records
2025-12-18 16:19:16,160 | INFO | Processing page 14
2025-12-18 16:19:16,160 | INFO | Scraping page 14
2025-12-18 16:19:16,272 | INFO | Page 14 scraped successfully with 20 records
2025-12-18 16:19:17,278 | INFO | Processing page 15
2025-12-18 16:19:17,278 | INFO | Scraping page 15
2025-12-18 16:19:17,408 | INFO | Page 15 scraped successfully with 20 records
2025-12-18 16:19:18,413 | INFO | Processing page 16
2025-12-18 16:19:18,413 | INFO | Scraping page 16
2025-12-18 16:19:18,547 | INFO | Page 16 scraped successfully with 20 records
2025-12-18 16:19:19,548 | INFO | Processing page 17
2025-12-18 16:19:19,548 | INFO | Scraping page 17
2025-12-18 16:19:19,669 | INFO | Page 17 scraped successfully with 20 records
2025-12-18 16:19:20,675 | INFO | Processing page 18
2025-12-18 16:19:20,675 | INFO | Scraping page 18
2025-12-18 16:19:21,019 | INFO | Page 18 scraped successfully with 20 records
2025-12-18 16:19:22,024 | INFO | Processing page 19
2025-12-18 16:19:22,024 | INFO | Scraping page 19
2025-12-18 16:19:22,151 | INFO | Page 19 scraped successfully with 20 records
2025-12-18 16:19:23,156 | INFO | Processing page 20
2025-12-18 16:19:23,157 | INFO | Scraping page 20
2025-12-18 16:19:23,373 | INFO | Page 20 scraped successfully with 20 records
2025-12-18 16:19:24,378 | INFO | Processing page 21
2025-12-18 16:19:24,378 | INFO | Scraping page 21
2025-12-18 16:19:24,531 | INFO | Page 21 scraped successfully with 20 records
2025-12-18 16:19:25,536 | INFO | Processing page 22
2025-12-18 16:19:25,537 | INFO | Scraping page 22
2025-12-18 16:19:25,707 | INFO | Page 22 scraped successfully with 20 records
2025-12-18 16:19:26,712 | INFO | Processing page 23
2025-12-18 16:19:26,713 | INFO | Scraping page 23
2025-12-18 16:19:26,828 | INFO | Page 23 scraped successfully with 20 records
2025-12-18 16:19:27,833 | INFO | Processing page 24
2025-12-18 16:19:27,833 | INFO | Scraping page 24
2025-12-18 16:19:27,963 | INFO | Page 24 scraped successfully with 20 records
2025-12-18 16:19:28,968 | INFO | Processing page 25
2025-12-18 16:19:28,968 | INFO | Scraping page 25
2025-12-18 16:19:29,101 | INFO | Page 25 scraped successfully with 20 records
2025-12-18 16:19:30,107 | INFO | Processing page 26
2025-12-18 16:19:30,107 | INFO | Scraping page 26
2025-12-18 16:19:30,229 | INFO | Page 26 scraped successfully with 20 records
2025-12-18 16:19:31,234 | INFO | Processing page 27
2025-12-18 16:19:31,235 | INFO | Scraping page 27
2025-12-18 16:19:31,372 | INFO | Page 27 scraped successfully with 20 records
2025-12-18 16:19:32,377 | INFO | Processing page 28
2025-12-18 16:19:32,378 | INFO | Scraping page 28
2025-12-18 16:19:32,497 | INFO | Page 28 scraped successfully with 20 records
2025-12-18 16:19:33,503 | INFO | Processing page 29
2025-12-18 16:19:33,503 | INFO | Scraping page 29
2025-12-18 16:19:33,713 | INFO | Page 29 scraped successfully with 20 records
2025-12-18 16:19:34,717 | INFO | Processing page 30
2025-12-18 16:19:34,717 | INFO | Scraping page 30
2025-12-18 16:19:34,833 | INFO | Page 30 scraped successfully with 20 records
2025-12-18 16:19:35,839 | INFO | Processing page 31
2025-12-18 16:19:35,839 | INFO | Scraping page 31
2025-12-18 16:19:35,972 | INFO | Page 31 scraped successfully with 20 records
2025-12-18 16:19:36,978 | INFO | Processing page 32
2025-12-18 16:19:36,978 | INFO | Scraping page 32
2025-12-18 16:19:37,092 | INFO | Page 32 scraped successfully with 20 records
2025-12-18 16:19:38,098 | INFO | Processing page 33
2025-12-18 16:19:38,098 | INFO | Scraping page 33
2025-12-18 16:19:38,250 | INFO | Page 33 scraped successfully with 20 records
2025-12-18 16:19:39,255 | INFO | Processing page 34
2025-12-18 16:19:39,256 | INFO | Scraping page 34
2025-12-18 16:19:39,381 | INFO | Page 34 scraped successfully with 20 records
2025-12-18 16:19:40,386 | INFO | Processing page 35
2025-12-18 16:19:40,387 | INFO | Scraping page 35
2025-12-18 16:19:40,515 | INFO | Page 35 scraped successfully with 20 records
2025-12-18 16:19:41,520 | INFO | Processing page 36
2025-12-18 16:19:41,522 | INFO | Scraping page 36
2025-12-18 16:19:41,659 | INFO | Page 36 scraped successfully with 20 records
2025-12-18 16:19:42,665 | INFO | Processing page 37
2025-12-18 16:19:42,665 | INFO | Scraping page 37
2025-12-18 16:19:42,787 | INFO | Page 37 scraped successfully with 20 records
2025-12-18 16:19:43,792 | INFO | Processing page 38
2025-12-18 16:19:43,793 | INFO | Scraping page 38
2025-12-18 16:19:44,084 | INFO | Page 38 scraped successfully with 20 records
2025-12-18 16:19:45,089 | INFO | Processing page 39
2025-12-18 16:19:45,089 | INFO | Scraping page 39
2025-12-18 16:19:45,226 | INFO | Page 39 scraped successfully with 20 records
2025-12-18 16:19:46,231 | INFO | Processing page 40
2025-12-18 16:19:46,232 | INFO | Scraping page 40
2025-12-18 16:19:46,384 | INFO | Page 40 scraped successfully with 20 records
2025-12-18 16:19:47,389 | INFO | Processing page 41
2025-12-18 16:19:47,389 | INFO | Scraping page 41
2025-12-18 16:19:47,522 | INFO | Page 41 scraped successfully with 20 records
2025-12-18 16:19:48,527 | INFO | Processing page 42
2025-12-18 16:19:48,528 | INFO | Scraping page 42
2025-12-18 16:19:48,652 | INFO | Page 42 scraped successfully with 20 records
2025-12-18 16:19:49,657 | INFO | Processing page 43
2025-12-18 16:19:49,658 | INFO | Scraping page 43
2025-12-18 16:19:49,787 | INFO | Page 43 scraped successfully with 20 records
2025-12-18 16:19:50,789 | INFO | Processing page 44
2025-12-18 16:19:50,789 | INFO | Scraping page 44
2025-12-18 16:19:50,925 | INFO | Page 44 scraped successfully with 20 records
2025-12-18 16:19:51,930 | INFO | Processing page 45
2025-12-18 16:19:51,931 | INFO | Scraping page 45
2025-12-18 16:19:52,063 | INFO | Page 45 scraped successfully with 20 records
2025-12-18 16:19:53,068 | INFO | Processing page 46
2025-12-18 16:19:53,068 | INFO | Scraping page 46
2025-12-18 16:19:53,198 | INFO | Page 46 scraped successfully with 20 records
2025-12-18 16:19:54,203 | INFO | Processing page 47
2025-12-18 16:19:54,203 | INFO | Scraping page 47
2025-12-18 16:19:54,489 | INFO | Page 47 scraped successfully with 20 records
2025-12-18 16:19:55,494 | INFO | Processing page 48
2025-12-18 16:19:55,494 | INFO | Scraping page 48
2025-12-18 16:19:55,624 | INFO | Page 48 scraped successfully with 20 records
2025-12-18 16:19:56,625 | INFO | Processing page 49
2025-12-18 16:19:56,625 | INFO | Scraping page 49
2025-12-18 16:19:56,748 | INFO | Page 49 scraped successfully with 20 records
2025-12-18 16:19:57,753 | INFO | Processing page 50
2025-12-18 16:19:57,754 | INFO | Scraping page 50
2025-12-18 16:19:57,878 | INFO | Page 50 scraped successfully with 20 records
2025-12-18 16:19:58,883 | INFO | Processing page 51
2025-12-18 16:19:58,884 | INFO | Scraping page 51
2025-12-18 16:19:59,021 | INFO | Page 51 scraped successfully with 20 records
2025-12-18 16:20:00,027 | INFO | Processing page 52
2025-12-18 16:20:00,027 | INFO | Scraping page 52
2025-12-18 16:20:00,169 | INFO | Page 52 scraped successfully with 20 records
2025-12-18 16:20:01,172 | INFO | Processing page 53
2025-12-18 16:20:01,173 | INFO | Scraping page 53
2025-12-18 16:20:01,327 | INFO | Page 53 scraped successfully with 20 records
2025-12-18 16:20:02,332 | INFO | Processing page 54
2025-12-18 16:20:02,332 | INFO | Scraping page 54
2025-12-18 16:20:02,462 | INFO | Page 54 scraped successfully with 20 records
2025-12-18 16:20:03,467 | INFO | Processing page 55
2025-12-18 16:20:03,467 | INFO | Scraping page 55
2025-12-18 16:20:03,594 | INFO | Page 55 scraped successfully with 20 records
2025-12-18 16:20:04,599 | INFO | Processing page 56
2025-12-18 16:20:04,600 | INFO | Scraping page 56
2025-12-18 16:20:04,923 | INFO | Page 56 scraped successfully with 20 records
2025-12-18 16:20:05,929 | INFO | Processing page 57
2025-12-18 16:20:05,929 | INFO | Scraping page 57
2025-12-18 16:20:06,299 | INFO | Page 57 scraped successfully with 20 records
2025-12-18 16:20:07,304 | INFO | Processing page 58
2025-12-18 16:20:07,304 | INFO | Scraping page 58
2025-12-18 16:20:07,479 | INFO | Page 58 scraped successfully with 20 records
2025-12-18 16:20:08,484 | INFO | Processing page 59
2025-12-18 16:20:08,485 | INFO | Scraping page 59
2025-12-18 16:20:08,621 | INFO | Page 59 scraped successfully with 20 records
2025-12-18 16:20:09,626 | INFO | Processing page 60
2025-12-18 16:20:09,626 | INFO | Scraping page 60
2025-12-18 16:20:09,784 | INFO | Page 60 scraped successfully with 20 records
2025-12-18 16:20:10,785 | INFO | Processing page 61
2025-12-18 16:20:10,785 | INFO | Scraping page 61
2025-12-18 16:20:10,931 | INFO | Page 61 scraped successfully with 20 records
2025-12-18 16:20:11,936 | INFO | Processing page 62
2025-12-18 16:20:11,937 | INFO | Scraping page 62
2025-12-18 16:20:12,094 | INFO | Page 62 scraped successfully with 20 records
2025-12-18 16:20:13,095 | INFO | Processing page 63
2025-12-18 16:20:13,096 | INFO | Scraping page 63
2025-12-18 16:20:13,406 | INFO | Page 63 scraped successfully with 20 records
2025-12-18 16:20:14,412 | INFO | Processing page 64
2025-12-18 16:20:14,412 | INFO | Scraping page 64
2025-12-18 16:20:14,551 | INFO | Page 64 scraped successfully with 20 records
2025-12-18 16:20:15,557 | INFO | Processing page 65
2025-12-18 16:20:15,557 | INFO | Scraping page 65
2025-12-18 16:20:15,719 | INFO | Page 65 scraped successfully with 20 records
2025-12-18 16:20:16,724 | INFO | Processing page 66
2025-12-18 16:20:16,724 | INFO | Scraping page 66
2025-12-18 16:20:16,886 | INFO | Page 66 scraped successfully with 20 records
2025-12-18 16:20:17,891 | INFO | Processing page 67
2025-12-18 16:20:17,891 | INFO | Scraping page 67
2025-12-18 16:20:18,013 | INFO | Page 67 scraped successfully with 20 records
2025-12-18 16:20:19,018 | INFO | Processing page 68
2025-12-18 16:20:19,018 | INFO | Scraping page 68
2025-12-18 16:20:19,172 | INFO | Page 68 scraped successfully with 20 records
2025-12-18 16:20:20,178 | INFO | Processing page 69
2025-12-18 16:20:20,178 | INFO | Scraping page 69
2025-12-18 16:20:20,327 | INFO | Page 69 scraped successfully with 20 records
2025-12-18 16:20:21,332 | INFO | Processing page 70
2025-12-18 16:20:21,332 | INFO | Scraping page 70
2025-12-18 16:20:21,524 | INFO | Page 70 scraped successfully with 20 records
2025-12-18 16:20:22,529 | INFO | Processing page 71
2025-12-18 16:20:22,529 | INFO | Scraping page 71
2025-12-18 16:20:22,678 | INFO | Page 71 scraped successfully with 20 records
2025-12-18 16:20:23,683 | INFO | Processing page 72
2025-12-18 16:20:23,684 | INFO | Scraping page 72
2025-12-18 16:20:25,003 | INFO | Page 72 scraped successfully with 20 records
2025-12-18 16:20:26,009 | INFO | Processing page 73
2025-12-18 16:20:26,009 | INFO | Scraping page 73
2025-12-18 16:20:26,520 | INFO | Page 73 scraped successfully with 20 records
2025-12-18 16:20:27,526 | INFO | Processing page 74
2025-12-18 16:20:27,526 | INFO | Scraping page 74
2025-12-18 16:20:27,938 | INFO | Page 74 scraped successfully with 20 records
2025-12-18 16:20:28,943 | INFO | Processing page 75
2025-12-18 16:20:28,943 | INFO | Scraping page 75
2025-12-18 16:20:29,092 | INFO | Page 75 scraped successfully with 20 records
2025-12-18 16:20:30,098 | INFO | Processing page 76
2025-12-18 16:20:30,098 | INFO | Scraping page 76
2025-12-18 16:20:30,523 | INFO | Page 76 scraped successfully with 20 records
2025-12-18 16:20:31,528 | INFO | Processing page 77
2025-12-18 16:20:31,529 | INFO | Scraping page 77
2025-12-18 16:20:31,691 | INFO | Page 77 scraped successfully with 20 records
2025-12-18 16:20:32,696 | INFO | Processing page 78
2025-12-18 16:20:32,697 | INFO | Scraping page 78
2025-12-18 16:20:32,862 | INFO | Page 78 scraped successfully with 20 records
2025-12-18 16:20:33,867 | INFO | Processing page 79
2025-12-18 16:20:33,867 | INFO | Scraping page 79
2025-12-18 16:20:34,013 | INFO | Page 79 scraped successfully with 20 records
2025-12-18 16:20:35,018 | INFO | Processing page 80
2025-12-18 16:20:35,019 | INFO | Scraping page 80
2025-12-18 16:20:35,183 | INFO | Page 80 scraped successfully with 20 records
2025-12-18 16:20:36,188 | INFO | Processing page 81
2025-12-18 16:20:36,188 | INFO | Scraping page 81
2025-12-18 16:20:36,346 | INFO | Page 81 scraped successfully with 20 records
2025-12-18 16:20:37,351 | INFO | Processing page 82
2025-12-18 16:20:37,352 | INFO | Scraping page 82
2025-12-18 16:20:37,505 | INFO | Page 82 scraped successfully with 20 records
2025-12-18 16:20:38,510 | INFO | Processing page 83
2025-12-18 16:20:38,511 | INFO | Scraping page 83
2025-12-18 16:20:38,691 | INFO | Page 83 scraped successfully with 20 records
2025-12-18 16:20:39,696 | INFO | Processing page 84
2025-12-18 16:20:39,696 | INFO | Scraping page 84
2025-12-18 16:20:39,841 | INFO | Page 84 scraped successfully with 20 records
2025-12-18 16:20:40,846 | INFO | Processing page 85
2025-12-18 16:20:40,847 | INFO | Scraping page 85
2025-12-18 16:20:41,004 | INFO | Page 85 scraped successfully with 20 records
2025-12-18 16:20:42,009 | INFO | Processing page 86
2025-12-18 16:20:42,010 | INFO | Scraping page 86
2025-12-18 16:20:42,267 | INFO | Page 86 scraped successfully with 20 records
2025-12-18 16:20:43,272 | INFO | Processing page 87
2025-12-18 16:20:43,272 | INFO | Scraping page 87
2025-12-18 16:20:43,459 | INFO | Page 87 scraped successfully with 20 records
2025-12-18 16:20:44,464 | INFO | Processing page 88
2025-12-18 16:20:44,465 | INFO | Scraping page 88
2025-12-18 16:20:44,666 | INFO | Page 88 scraped successfully with 20 records
2025-12-18 16:20:45,671 | INFO | Processing page 89
2025-12-18 16:20:45,671 | INFO | Scraping page 89
2025-12-18 16:20:45,900 | INFO | Page 89 scraped successfully with 20 records
2025-12-18 16:20:46,900 | INFO | Processing page 90
2025-12-18 16:20:46,901 | INFO | Scraping page 90
2025-12-18 16:20:47,026 | INFO | Page 90 scraped successfully with 20 records
2025-12-18 16:20:48,031 | INFO | Processing page 91
2025-12-18 16:20:48,032 | INFO | Scraping page 91
2025-12-18 16:20:48,164 | INFO | Page 91 scraped successfully with 20 records
2025-12-18 16:20:49,165 | INFO | Processing page 92
2025-12-18 16:20:49,165 | INFO | Scraping page 92
2025-12-18 16:20:49,296 | INFO | Page 92 scraped successfully with 20 records
2025-12-18 16:20:50,301 | INFO | Processing page 93
2025-12-18 16:20:50,301 | INFO | Scraping page 93
2025-12-18 16:20:50,417 | INFO | Page 93 scraped successfully with 20 records
2025-12-18 16:20:51,422 | INFO | Processing page 94
2025-12-18 16:20:51,422 | INFO | Scraping page 94
2025-12-18 16:20:51,559 | INFO | Page 94 scraped successfully with 20 records
2025-12-18 16:20:52,565 | INFO | Processing page 95
2025-12-18 16:20:52,565 | INFO | Scraping page 95
2025-12-18 16:20:52,691 | INFO | Page 95 scraped successfully with 20 records
2025-12-18 16:20:53,691 | INFO | Processing page 96
2025-12-18 16:20:53,691 | INFO | Scraping page 96
2025-12-18 16:20:54,000 | INFO | Page 96 scraped successfully with 20 records
2025-12-18 16:20:55,005 | INFO | Processing page 97
2025-12-18 16:20:55,005 | INFO | Scraping page 97
2025-12-18 16:20:55,162 | INFO | Page 97 scraped successfully with 20 records
2025-12-18 16:20:56,164 | INFO | Processing page 98
2025-12-18 16:20:56,164 | INFO | Scraping page 98
2025-12-18 16:20:56,345 | INFO | Page 98 scraped successfully with 20 records
2025-12-18 16:20:57,350 | INFO | Processing page 99
2025-12-18 16:20:57,350 | INFO | Scraping page 99
2025-12-18 16:20:57,550 | INFO | Page 99 scraped successfully with 20 records
2025-12-18 16:20:58,555 | INFO | Processing page 100
2025-12-18 16:20:58,555 | INFO | Scraping page 100
2025-12-18 16:20:58,688 | INFO | Page 100 scraped successfully with 20 records
2025-12-18 16:20:59,693 | INFO | Processing page 101
2025-12-18 16:20:59,693 | INFO | Scraping page 101
2025-12-18 16:20:59,844 | INFO | Page 101 scraped successfully with 20 records
2025-12-18 16:21:00,847 | INFO | Processing page 102
2025-12-18 16:21:00,847 | INFO | Scraping page 102
2025-12-18 16:21:00,991 | INFO | Page 102 scraped successfully with 20 records
2025-12-18 16:21:01,997 | INFO | Processing page 103
2025-12-18 16:21:01,997 | INFO | Scraping page 103
2025-12-18 16:21:02,187 | INFO | Page 103 scraped successfully with 20 records
2025-12-18 16:21:03,193 | INFO | Processing page 104
2025-12-18 16:21:03,193 | INFO | Scraping page 104
2025-12-18 16:21:03,387 | INFO | Page 104 scraped successfully with 20 records
2025-12-18 16:21:04,393 | INFO | Processing page 105
2025-12-18 16:21:04,393 | INFO | Scraping page 105
2025-12-18 16:21:04,611 | INFO | Page 105 scraped successfully with 20 records
2025-12-18 16:21:05,616 | INFO | Processing page 106
2025-12-18 16:21:05,617 | INFO | Scraping page 106
2025-12-18 16:21:05,763 | INFO | Page 106 scraped successfully with 20 records
2025-12-18 16:21:06,768 | INFO | Processing page 107
2025-12-18 16:21:06,769 | INFO | Scraping page 107
2025-12-18 16:21:07,065 | INFO | Page 107 scraped successfully with 20 records
2025-12-18 16:21:08,066 | INFO | Processing page 108
2025-12-18 16:21:08,066 | INFO | Scraping page 108
2025-12-18 16:21:08,191 | INFO | Page 108 scraped successfully with 20 records
2025-12-18 16:21:09,196 | INFO | Processing page 109
2025-12-18 16:21:09,197 | INFO | Scraping page 109
2025-12-18 16:21:09,349 | INFO | Page 109 scraped successfully with 20 records
2025-12-18 16:21:10,354 | INFO | Processing page 110
2025-12-18 16:21:10,355 | INFO | Scraping page 110
2025-12-18 16:21:10,602 | INFO | Page 110 scraped successfully with 20 records
2025-12-18 16:21:11,607 | INFO | Processing page 111
2025-12-18 16:21:11,607 | INFO | Scraping page 111
2025-12-18 16:21:11,753 | INFO | Page 111 scraped successfully with 20 records
2025-12-18 16:21:12,758 | INFO | Processing page 112
2025-12-18 16:21:12,758 | INFO | Scraping page 112
2025-12-18 16:21:13,002 | INFO | Page 112 scraped successfully with 20 records
2025-12-18 16:21:14,007 | INFO | Processing page 113
2025-12-18 16:21:14,007 | INFO | Scraping page 113
2025-12-18 16:21:14,158 | INFO | Page 113 scraped successfully with 20 records
2025-12-18 16:21:15,163 | INFO | Processing page 114
2025-12-18 16:21:15,163 | INFO | Scraping page 114
2025-12-18 16:21:15,323 | INFO | Page 114 scraped successfully with 20 records
2025-12-18 16:21:16,328 | INFO | Processing page 115
2025-12-18 16:21:16,328 | INFO | Scraping page 115
2025-12-18 16:21:16,488 | INFO | Page 115 scraped successfully with 20 records
2025-12-18 16:21:17,493 | INFO | Processing page 116
2025-12-18 16:21:17,494 | INFO | Scraping page 116
2025-12-18 16:21:17,632 | INFO | Page 116 scraped successfully with 20 records
2025-12-18 16:21:18,637 | INFO | Processing page 117
2025-12-18 16:21:18,638 | INFO | Scraping page 117
2025-12-18 16:21:18,763 | INFO | Page 117 scraped successfully with 20 records
2025-12-18 16:21:19,768 | INFO | Processing page 118
2025-12-18 16:21:19,768 | INFO | Scraping page 118
2025-12-18 16:21:20,119 | INFO | Page 118 scraped successfully with 20 records
2025-12-18 16:21:21,124 | INFO | Processing page 119
2025-12-18 16:21:21,124 | INFO | Scraping page 119
2025-12-18 16:21:21,324 | INFO | Page 119 scraped successfully with 20 records
2025-12-18 16:21:22,330 | INFO | Processing page 120
2025-12-18 16:21:22,330 | INFO | Scraping page 120
2025-12-18 16:21:22,475 | INFO | Page 120 scraped successfully with 20 records
2025-12-18 16:21:23,481 | INFO | Processing page 121
2025-12-18 16:21:23,481 | INFO | Scraping page 121
2025-12-18 16:21:23,632 | INFO | Page 121 scraped successfully with 20 records
2025-12-18 16:21:24,638 | INFO | Processing page 122
2025-12-18 16:21:24,638 | INFO | Scraping page 122
2025-12-18 16:21:24,756 | INFO | Page 122 scraped successfully with 20 records
2025-12-18 16:21:25,761 | INFO | Processing page 123
2025-12-18 16:21:25,761 | INFO | Scraping page 123
2025-12-18 16:21:25,938 | INFO | Page 123 scraped successfully with 20 records
2025-12-18 16:21:26,943 | INFO | Processing page 124
2025-12-18 16:21:26,944 | INFO | Scraping page 124
2025-12-18 16:21:27,086 | INFO | Page 124 scraped successfully with 20 records
2025-12-18 16:21:28,092 | INFO | Processing page 125
2025-12-18 16:21:28,092 | INFO | Scraping page 125
2025-12-18 16:21:28,307 | INFO | Page 125 scraped successfully with 20 records
2025-12-18 16:21:29,312 | INFO | Processing page 126
2025-12-18 16:21:29,312 | INFO | Scraping page 126
2025-12-18 16:21:29,678 | INFO | Page 126 scraped successfully with 20 records
2025-12-18 16:21:30,683 | INFO | Processing page 127
2025-12-18 16:21:30,684 | INFO | Scraping page 127
2025-12-18 16:21:32,074 | INFO | Page 127 scraped successfully with 20 records
2025-12-18 16:21:33,079 | INFO | Processing page 128
2025-12-18 16:21:33,080 | INFO | Scraping page 128
2025-12-18 16:21:33,262 | INFO | Page 128 scraped successfully with 20 records
2025-12-18 16:21:34,267 | INFO | Processing page 129
2025-12-18 16:21:34,268 | INFO | Scraping page 129
2025-12-18 16:21:34,533 | INFO | Page 129 scraped successfully with 20 records
2025-12-18 16:21:35,538 | INFO | Processing page 130
2025-12-18 16:21:35,539 | INFO | Scraping page 130
2025-12-18 16:21:35,699 | INFO | Page 130 scraped successfully with 20 records
2025-12-18 16:21:36,705 | INFO | Processing page 131
2025-12-18 16:21:36,705 | INFO | Scraping page 131
2025-12-18 16:21:36,876 | INFO | Page 131 scraped successfully with 20 records
2025-12-18 16:21:37,881 | INFO | Processing page 132
2025-12-18 16:21:37,882 | INFO | Scraping page 132
2025-12-18 16:21:38,049 | INFO | Page 132 scraped successfully with 20 records
2025-12-18 16:21:39,054 | INFO | Processing page 133
2025-12-18 16:21:39,054 | INFO | Scraping page 133
2025-12-18 16:21:39,229 | INFO | Page 133 scraped successfully with 20 records
2025-12-18 16:21:40,234 | INFO | Processing page 134
2025-12-18 16:21:40,234 | INFO | Scraping page 134
2025-12-18 16:21:40,369 | INFO | Page 134 scraped successfully with 20 records
2025-12-18 16:21:41,374 | INFO | Processing page 135
2025-12-18 16:21:41,375 | INFO | Scraping page 135
2025-12-18 16:21:41,848 | INFO | Page 135 scraped successfully with 20 records
2025-12-18 16:21:42,853 | INFO | Processing page 136
2025-12-18 16:21:42,853 | INFO | Scraping page 136
2025-12-18 16:21:43,330 | INFO | Page 136 scraped successfully with 20 records
2025-12-18 16:21:44,335 | INFO | Processing page 137
2025-12-18 16:21:44,336 | INFO | Scraping page 137
2025-12-18 16:21:44,481 | INFO | Page 137 scraped successfully with 20 records
2025-12-18 16:21:45,487 | INFO | Processing page 138
2025-12-18 16:21:45,487 | INFO | Scraping page 138
2025-12-18 16:21:45,626 | INFO | Page 138 scraped successfully with 20 records
2025-12-18 16:21:46,631 | INFO | Processing page 139
2025-12-18 16:21:46,631 | INFO | Scraping page 139
2025-12-18 16:21:46,833 | INFO | Page 139 scraped successfully with 20 records
2025-12-18 16:21:47,839 | INFO | Processing page 140
2025-12-18 16:21:47,839 | INFO | Scraping page 140
2025-12-18 16:21:47,986 | INFO | Page 140 scraped successfully with 20 records
2025-12-18 16:21:48,991 | INFO | Processing page 141
2025-12-18 16:21:48,992 | INFO | Scraping page 141
2025-12-18 16:21:49,163 | INFO | Page 141 scraped successfully with 20 records
2025-12-18 16:21:50,168 | INFO | Processing page 142
2025-12-18 16:21:50,169 | INFO | Scraping page 142
2025-12-18 16:21:50,334 | INFO | Page 142 scraped successfully with 20 records
2025-12-18 16:21:51,339 | INFO | Processing page 143
2025-12-18 16:21:51,339 | INFO | Scraping page 143
2025-12-18 16:21:51,523 | INFO | Page 143 scraped successfully with 20 records
2025-12-18 16:21:52,528 | INFO | Processing page 144
2025-12-18 16:21:52,528 | INFO | Scraping page 144
2025-12-18 16:21:52,771 | INFO | Page 144 scraped successfully with 20 records
2025-12-18 16:21:53,776 | INFO | Processing page 145
2025-12-18 16:21:53,776 | INFO | Scraping page 145
2025-12-18 16:21:54,020 | INFO | Page 145 scraped successfully with 20 records
2025-12-18 16:21:55,026 | INFO | Processing page 146
2025-12-18 16:21:55,026 | INFO | Scraping page 146
2025-12-18 16:21:55,192 | INFO | Page 146 scraped successfully with 20 records
2025-12-18 16:21:56,197 | INFO | Processing page 147
2025-12-18 16:21:56,197 | INFO | Scraping page 147
2025-12-18 16:21:56,400 | INFO | Page 147 scraped successfully with 20 records
2025-12-18 16:21:57,405 | INFO | Processing page 148
2025-12-18 16:21:57,406 | INFO | Scraping page 148
2025-12-18 16:21:57,544 | INFO | Page 148 scraped successfully with 20 records
2025-12-18 16:21:58,549 | INFO | Processing page 149
2025-12-18 16:21:58,549 | INFO | Scraping page 149
2025-12-18 16:21:58,698 | INFO | Page 149 scraped successfully with 20 records
2025-12-18 16:21:59,703 | INFO | Processing page 150
2025-12-18 16:21:59,704 | INFO | Scraping page 150
2025-12-18 16:21:59,855 | INFO | Page 150 scraped successfully with 20 records
2025-12-18 16:22:00,861 | INFO | Processing page 151
2025-12-18 16:22:00,861 | INFO | Scraping page 151
2025-12-18 16:22:01,009 | INFO | Page 151 scraped successfully with 20 records
2025-12-18 16:22:02,015 | INFO | Processing page 152
2025-12-18 16:22:02,015 | INFO | Scraping page 152
2025-12-18 16:22:02,251 | INFO | Page 152 scraped successfully with 11 records
2025-12-18 16:22:03,256 | INFO | Processing page 153
2025-12-18 16:22:03,256 | INFO | Scraping page 153
2025-12-18 16:22:03,474 | ERROR | Network error on page 153: 404 Client Error: Not Found for url: https://ibbi.gov.in/resolution-plans?page=153
2025-12-18 16:22:03,474 | WARNING | Empty data on page 153, retrying once
2025-12-18 16:22:03,474 | INFO | Scraping page 153
2025-12-18 16:22:03,600 | ERROR | Network error on page 153: 404 Client Error: Not Found for url: https://ibbi.gov.in/resolution-plans?page=153
2025-12-18 16:22:03,601 | INFO | Stopping scraper at page 153
2025-12-18 16:22:03,601 | INFO | Scraping completed. Total records: 3031
2025-12-18 16:22:03,886 | INFO | Excel file saved successfully: /Users/aditya/Scrapping_ibbi_data/api/../output/ibbi_resolution_plans_2025-12-18_16-19-00.xlsx
2025-12-18 16:22:03,887 | INFO | 127.0.0.1 - - [18/Dec/2025 16:22:03] "GET /start-scraping HTTP/1.1" 200 -
2025-12-30 11:22:51,250 | INFO | Logger initialized on production server
2025-12-30 11:25:51,342 | INFO | Logger initialized on production server
2025-12-30 11:25:53,652 | INFO | [31m[1mWARNING: This is a development server. Do not use it in a production deployment. Use a production WSGI server instead.[0m
 * Running on http://127.0.0.1:5000
2025-12-30 11:25:53,652 | INFO | [33mPress CTRL+C to quit[0m
2025-12-30 11:25:53,653 | INFO |  * Restarting with stat
2025-12-30 11:25:53,987 | INFO | Logger initialized on production server
2025-12-30 11:25:54,009 | WARNING |  * Debugger is active!
2025-12-30 11:25:54,024 | INFO |  * Debugger PIN: 120-998-675
2025-12-30 11:26:13,344 | INFO | 127.0.0.1 - - [30/Dec/2025 11:26:13] "GET / HTTP/1.1" 200 -
2025-12-30 11:26:13,467 | INFO | 127.0.0.1 - - [30/Dec/2025 11:26:13] "[33mGET /path-to-your-favicon.ico HTTP/1.1[0m" 404 -
2025-12-30 11:26:17,361 | INFO | IBBI Scraper initialized
2025-12-30 11:26:17,362 | INFO | HTTP session with retry configured
2025-12-30 11:26:17,362 | INFO | Scraping started
2025-12-30 11:26:17,362 | INFO | Processing page 1
2025-12-30 11:26:17,362 | INFO | Scraping page 1
2025-12-30 11:26:17,845 | INFO | Page 1 scraped successfully with 20 records
2025-12-30 11:26:18,851 | INFO | Processing page 2
2025-12-30 11:26:18,851 | INFO | Scraping page 2
2025-12-30 11:26:18,999 | INFO | Page 2 scraped successfully with 20 records
2025-12-30 11:26:20,005 | INFO | Processing page 3
2025-12-30 11:26:20,005 | INFO | Scraping page 3
2025-12-30 11:26:20,416 | INFO | Page 3 scraped successfully with 20 records
2025-12-30 11:26:21,421 | INFO | Processing page 4
2025-12-30 11:26:21,422 | INFO | Scraping page 4
2025-12-30 11:26:21,574 | INFO | Page 4 scraped successfully with 20 records
2025-12-30 11:26:22,579 | INFO | Processing page 5
2025-12-30 11:26:22,579 | INFO | Scraping page 5
2025-12-30 11:26:22,711 | INFO | Page 5 scraped successfully with 20 records
2025-12-30 11:26:23,716 | INFO | Processing page 6
2025-12-30 11:26:23,717 | INFO | Scraping page 6
2025-12-30 11:26:23,852 | INFO | Page 6 scraped successfully with 20 records
2025-12-30 11:26:24,857 | INFO | Processing page 7
2025-12-30 11:26:24,858 | INFO | Scraping page 7
2025-12-30 11:26:24,984 | INFO | Page 7 scraped successfully with 20 records
2025-12-30 11:26:25,989 | INFO | Processing page 8
2025-12-30 11:26:25,990 | INFO | Scraping page 8
2025-12-30 11:26:26,124 | INFO | Page 8 scraped successfully with 20 records
2025-12-30 11:26:27,129 | INFO | Processing page 9
2025-12-30 11:26:27,129 | INFO | Scraping page 9
2025-12-30 11:26:27,254 | INFO | Page 9 scraped successfully with 20 records
2025-12-30 11:26:28,260 | INFO | Processing page 10
2025-12-30 11:26:28,260 | INFO | Scraping page 10
2025-12-30 11:26:28,631 | INFO | Page 10 scraped successfully with 20 records
2025-12-30 11:26:29,636 | INFO | Processing page 11
2025-12-30 11:26:29,637 | INFO | Scraping page 11
2025-12-30 11:26:29,777 | INFO | Page 11 scraped successfully with 20 records
2025-12-30 11:26:30,782 | INFO | Processing page 12
2025-12-30 11:26:30,782 | INFO | Scraping page 12
2025-12-30 11:26:30,901 | INFO | Page 12 scraped successfully with 20 records
2025-12-30 11:26:31,907 | INFO | Processing page 13
2025-12-30 11:26:31,907 | INFO | Scraping page 13
2025-12-30 11:26:32,018 | INFO | Page 13 scraped successfully with 20 records
2025-12-30 11:26:33,023 | INFO | Processing page 14
2025-12-30 11:26:33,024 | INFO | Scraping page 14
2025-12-30 11:26:33,148 | INFO | Page 14 scraped successfully with 20 records
2025-12-30 11:26:34,154 | INFO | Processing page 15
2025-12-30 11:26:34,155 | INFO | Scraping page 15
2025-12-30 11:26:34,278 | INFO | Page 15 scraped successfully with 20 records
2025-12-30 11:26:35,284 | INFO | Processing page 16
2025-12-30 11:26:35,284 | INFO | Scraping page 16
2025-12-30 11:26:35,414 | INFO | Page 16 scraped successfully with 20 records
2025-12-30 11:26:36,419 | INFO | Processing page 17
2025-12-30 11:26:36,419 | INFO | Scraping page 17
2025-12-30 11:26:36,532 | INFO | Page 17 scraped successfully with 20 records
2025-12-30 11:26:37,536 | INFO | Processing page 18
2025-12-30 11:26:37,536 | INFO | Scraping page 18
2025-12-30 11:26:37,677 | INFO | Page 18 scraped successfully with 20 records
2025-12-30 11:26:38,678 | INFO | Processing page 19
2025-12-30 11:26:38,678 | INFO | Scraping page 19
2025-12-30 11:26:38,805 | INFO | Page 19 scraped successfully with 20 records
2025-12-30 11:26:39,810 | INFO | Processing page 20
2025-12-30 11:26:39,810 | INFO | Scraping page 20
2025-12-30 11:26:39,933 | INFO | Page 20 scraped successfully with 20 records
2025-12-30 11:26:40,938 | INFO | Processing page 21
2025-12-30 11:26:40,938 | INFO | Scraping page 21
2025-12-30 11:26:41,048 | INFO | Page 21 scraped successfully with 20 records
2025-12-30 11:26:42,053 | INFO | Processing page 22
2025-12-30 11:26:42,053 | INFO | Scraping page 22
2025-12-30 11:26:42,176 | INFO | Page 22 scraped successfully with 20 records
2025-12-30 11:26:43,181 | INFO | Processing page 23
2025-12-30 11:26:43,182 | INFO | Scraping page 23
2025-12-30 11:26:43,308 | INFO | Page 23 scraped successfully with 20 records
2025-12-30 11:26:44,313 | INFO | Processing page 24
2025-12-30 11:26:44,313 | INFO | Scraping page 24
2025-12-30 11:26:44,467 | INFO | Page 24 scraped successfully with 20 records
2025-12-30 11:26:45,472 | INFO | Processing page 25
2025-12-30 11:26:45,472 | INFO | Scraping page 25
2025-12-30 11:26:45,623 | INFO | Page 25 scraped successfully with 20 records
2025-12-30 11:26:46,628 | INFO | Processing page 26
2025-12-30 11:26:46,628 | INFO | Scraping page 26
2025-12-30 11:26:46,755 | INFO | Page 26 scraped successfully with 20 records
2025-12-30 11:26:47,760 | INFO | Processing page 27
2025-12-30 11:26:47,761 | INFO | Scraping page 27
2025-12-30 11:26:47,883 | INFO | Page 27 scraped successfully with 20 records
2025-12-30 11:26:48,889 | INFO | Processing page 28
2025-12-30 11:26:48,889 | INFO | Scraping page 28
2025-12-30 11:26:49,008 | INFO | Page 28 scraped successfully with 20 records
2025-12-30 11:26:50,013 | INFO | Processing page 29
2025-12-30 11:26:50,013 | INFO | Scraping page 29
2025-12-30 11:26:50,198 | INFO | Page 29 scraped successfully with 20 records
2025-12-30 11:26:51,203 | INFO | Processing page 30
2025-12-30 11:26:51,203 | INFO | Scraping page 30
2025-12-30 11:26:51,322 | INFO | Page 30 scraped successfully with 20 records
2025-12-30 11:26:52,327 | INFO | Processing page 31
2025-12-30 11:26:52,328 | INFO | Scraping page 31
2025-12-30 11:26:52,452 | INFO | Page 31 scraped successfully with 20 records
2025-12-30 11:26:53,453 | INFO | Processing page 32
2025-12-30 11:26:53,453 | INFO | Scraping page 32
2025-12-30 11:27:03,815 | INFO | Page 32 scraped successfully with 20 records
2025-12-30 11:27:04,820 | INFO | Processing page 33
2025-12-30 11:27:04,821 | INFO | Scraping page 33
2025-12-30 11:27:04,946 | INFO | Page 33 scraped successfully with 20 records
2025-12-30 11:27:05,952 | INFO | Processing page 34
2025-12-30 11:27:05,952 | INFO | Scraping page 34
2025-12-30 11:27:06,085 | INFO | Page 34 scraped successfully with 20 records
2025-12-30 11:27:07,090 | INFO | Processing page 35
2025-12-30 11:27:07,090 | INFO | Scraping page 35
2025-12-30 11:27:07,214 | INFO | Page 35 scraped successfully with 20 records
2025-12-30 11:27:08,220 | INFO | Processing page 36
2025-12-30 11:27:08,220 | INFO | Scraping page 36
2025-12-30 11:27:08,348 | INFO | Page 36 scraped successfully with 20 records
2025-12-30 11:27:09,352 | INFO | Processing page 37
2025-12-30 11:27:09,353 | INFO | Scraping page 37
2025-12-30 11:27:09,489 | INFO | Page 37 scraped successfully with 20 records
2025-12-30 11:27:10,495 | INFO | Processing page 38
2025-12-30 11:27:10,495 | INFO | Scraping page 38
2025-12-30 11:27:10,625 | INFO | Page 38 scraped successfully with 20 records
2025-12-30 11:27:11,630 | INFO | Processing page 39
2025-12-30 11:27:11,630 | INFO | Scraping page 39
2025-12-30 11:27:11,788 | INFO | Page 39 scraped successfully with 20 records
2025-12-30 11:27:12,793 | INFO | Processing page 40
2025-12-30 11:27:12,794 | INFO | Scraping page 40
2025-12-30 11:27:12,933 | INFO | Page 40 scraped successfully with 20 records
2025-12-30 11:27:13,938 | INFO | Processing page 41
2025-12-30 11:27:13,939 | INFO | Scraping page 41
2025-12-30 11:27:14,078 | INFO | Page 41 scraped successfully with 20 records
2025-12-30 11:27:15,083 | INFO | Processing page 42
2025-12-30 11:27:15,083 | INFO | Scraping page 42
2025-12-30 11:27:15,209 | INFO | Page 42 scraped successfully with 20 records
2025-12-30 11:27:16,214 | INFO | Processing page 43
2025-12-30 11:27:16,215 | INFO | Scraping page 43
2025-12-30 11:27:16,358 | INFO | Page 43 scraped successfully with 20 records
2025-12-30 11:27:17,363 | INFO | Processing page 44
2025-12-30 11:27:17,364 | INFO | Scraping page 44
2025-12-30 11:27:17,493 | INFO | Page 44 scraped successfully with 20 records
2025-12-30 11:27:18,495 | INFO | Processing page 45
2025-12-30 11:27:18,495 | INFO | Scraping page 45
2025-12-30 11:27:18,626 | INFO | Page 45 scraped successfully with 20 records
2025-12-30 11:27:19,631 | INFO | Processing page 46
2025-12-30 11:27:19,632 | INFO | Scraping page 46
2025-12-30 11:27:19,762 | INFO | Page 46 scraped successfully with 20 records
2025-12-30 11:27:20,767 | INFO | Processing page 47
2025-12-30 11:27:20,767 | INFO | Scraping page 47
2025-12-30 11:27:20,902 | INFO | Page 47 scraped successfully with 20 records
2025-12-30 11:27:21,907 | INFO | Processing page 48
2025-12-30 11:27:21,908 | INFO | Scraping page 48
2025-12-30 11:27:22,080 | INFO | Page 48 scraped successfully with 20 records
2025-12-30 11:27:23,086 | INFO | Processing page 49
2025-12-30 11:27:23,086 | INFO | Scraping page 49
2025-12-30 11:27:23,469 | INFO | Page 49 scraped successfully with 20 records
2025-12-30 11:27:24,472 | INFO | Processing page 50
2025-12-30 11:27:24,472 | INFO | Scraping page 50
2025-12-30 11:27:24,698 | INFO | Page 50 scraped successfully with 20 records
2025-12-30 11:27:25,703 | INFO | Processing page 51
2025-12-30 11:27:25,704 | INFO | Scraping page 51
2025-12-30 11:27:25,897 | INFO | Page 51 scraped successfully with 20 records
2025-12-30 11:27:26,902 | INFO | Processing page 52
2025-12-30 11:27:26,902 | INFO | Scraping page 52
2025-12-30 11:27:27,083 | INFO | Page 52 scraped successfully with 20 records
2025-12-30 11:27:28,089 | INFO | Processing page 53
2025-12-30 11:27:28,089 | INFO | Scraping page 53
2025-12-30 11:27:28,339 | INFO | Page 53 scraped successfully with 20 records
2025-12-30 11:27:29,344 | INFO | Processing page 54
2025-12-30 11:27:29,344 | INFO | Scraping page 54
2025-12-30 11:27:29,543 | INFO | Page 54 scraped successfully with 20 records
2025-12-30 11:27:30,548 | INFO | Processing page 55
2025-12-30 11:27:30,549 | INFO | Scraping page 55
2025-12-30 11:27:30,781 | INFO | Page 55 scraped successfully with 20 records
2025-12-30 11:27:31,786 | INFO | Processing page 56
2025-12-30 11:27:31,786 | INFO | Scraping page 56
2025-12-30 11:27:32,017 | INFO | Page 56 scraped successfully with 20 records
2025-12-30 11:27:33,022 | INFO | Processing page 57
2025-12-30 11:27:33,023 | INFO | Scraping page 57
2025-12-30 11:27:33,148 | INFO | Page 57 scraped successfully with 20 records
2025-12-30 11:27:34,153 | INFO | Processing page 58
2025-12-30 11:27:34,153 | INFO | Scraping page 58
2025-12-30 11:27:34,286 | INFO | Page 58 scraped successfully with 20 records
2025-12-30 11:27:35,292 | INFO | Processing page 59
2025-12-30 11:27:35,292 | INFO | Scraping page 59
2025-12-30 11:27:35,414 | INFO | Page 59 scraped successfully with 20 records
2025-12-30 11:27:36,420 | INFO | Processing page 60
2025-12-30 11:27:36,420 | INFO | Scraping page 60
2025-12-30 11:27:36,534 | INFO | Page 60 scraped successfully with 20 records
2025-12-30 11:27:37,539 | INFO | Processing page 61
2025-12-30 11:27:37,540 | INFO | Scraping page 61
2025-12-30 11:27:37,669 | INFO | Page 61 scraped successfully with 20 records
2025-12-30 11:27:38,675 | INFO | Processing page 62
2025-12-30 11:27:38,675 | INFO | Scraping page 62
2025-12-30 11:27:38,807 | INFO | Page 62 scraped successfully with 20 records
2025-12-30 11:27:39,813 | INFO | Processing page 63
2025-12-30 11:27:39,813 | INFO | Scraping page 63
2025-12-30 11:27:39,947 | INFO | Page 63 scraped successfully with 20 records
2025-12-30 11:27:40,952 | INFO | Processing page 64
2025-12-30 11:27:40,953 | INFO | Scraping page 64
2025-12-30 11:27:41,080 | INFO | Page 64 scraped successfully with 20 records
2025-12-30 11:27:42,085 | INFO | Processing page 65
2025-12-30 11:27:42,085 | INFO | Scraping page 65
2025-12-30 11:27:42,208 | INFO | Page 65 scraped successfully with 20 records
2025-12-30 11:27:43,214 | INFO | Processing page 66
2025-12-30 11:27:43,214 | INFO | Scraping page 66
2025-12-30 11:27:43,329 | INFO | Page 66 scraped successfully with 20 records
2025-12-30 11:27:44,334 | INFO | Processing page 67
2025-12-30 11:27:44,335 | INFO | Scraping page 67
2025-12-30 11:27:44,461 | INFO | Page 67 scraped successfully with 20 records
2025-12-30 11:27:45,467 | INFO | Processing page 68
2025-12-30 11:27:45,468 | INFO | Scraping page 68
2025-12-30 11:27:45,611 | INFO | Page 68 scraped successfully with 20 records
2025-12-30 11:27:46,616 | INFO | Processing page 69
2025-12-30 11:27:46,616 | INFO | Scraping page 69
2025-12-30 11:27:46,737 | INFO | Page 69 scraped successfully with 20 records
2025-12-30 11:27:47,742 | INFO | Processing page 70
2025-12-30 11:27:47,742 | INFO | Scraping page 70
2025-12-30 11:27:47,873 | INFO | Page 70 scraped successfully with 20 records
2025-12-30 11:27:48,878 | INFO | Processing page 71
2025-12-30 11:27:48,878 | INFO | Scraping page 71
2025-12-30 11:27:48,993 | INFO | Page 71 scraped successfully with 20 records
2025-12-30 11:27:49,999 | INFO | Processing page 72
2025-12-30 11:27:49,999 | INFO | Scraping page 72
2025-12-30 11:27:50,173 | INFO | Page 72 scraped successfully with 20 records
2025-12-30 11:27:51,178 | INFO | Processing page 73
2025-12-30 11:27:51,178 | INFO | Scraping page 73
2025-12-30 11:27:51,307 | INFO | Page 73 scraped successfully with 20 records
2025-12-30 11:27:52,310 | INFO | Processing page 74
2025-12-30 11:27:52,310 | INFO | Scraping page 74
2025-12-30 11:27:52,408 | INFO | Page 74 scraped successfully with 20 records
2025-12-30 11:27:53,413 | INFO | Processing page 75
2025-12-30 11:27:53,414 | INFO | Scraping page 75
2025-12-30 11:27:53,532 | INFO | Page 75 scraped successfully with 20 records
2025-12-30 11:27:54,537 | INFO | Processing page 76
2025-12-30 11:27:54,538 | INFO | Scraping page 76
2025-12-30 11:27:54,660 | INFO | Page 76 scraped successfully with 20 records
2025-12-30 11:27:55,661 | INFO | Processing page 77
2025-12-30 11:27:55,661 | INFO | Scraping page 77
2025-12-30 11:27:55,774 | INFO | Page 77 scraped successfully with 20 records
2025-12-30 11:27:56,779 | INFO | Processing page 78
2025-12-30 11:27:56,780 | INFO | Scraping page 78
2025-12-30 11:27:56,899 | INFO | Page 78 scraped successfully with 20 records
2025-12-30 11:27:57,904 | INFO | Processing page 79
2025-12-30 11:27:57,905 | INFO | Scraping page 79
2025-12-30 11:27:58,020 | INFO | Page 79 scraped successfully with 20 records
2025-12-30 11:27:59,025 | INFO | Processing page 80
2025-12-30 11:27:59,025 | INFO | Scraping page 80
2025-12-30 11:27:59,142 | INFO | Page 80 scraped successfully with 20 records
2025-12-30 11:28:00,148 | INFO | Processing page 81
2025-12-30 11:28:00,148 | INFO | Scraping page 81
2025-12-30 11:28:00,267 | INFO | Page 81 scraped successfully with 20 records
2025-12-30 11:28:01,272 | INFO | Processing page 82
2025-12-30 11:28:01,272 | INFO | Scraping page 82
2025-12-30 11:28:01,421 | INFO | Page 82 scraped successfully with 20 records
2025-12-30 11:28:02,427 | INFO | Processing page 83
2025-12-30 11:28:02,427 | INFO | Scraping page 83
2025-12-30 11:28:02,552 | INFO | Page 83 scraped successfully with 20 records
2025-12-30 11:28:03,557 | INFO | Processing page 84
2025-12-30 11:28:03,557 | INFO | Scraping page 84
2025-12-30 11:28:03,694 | INFO | Page 84 scraped successfully with 20 records
2025-12-30 11:28:04,699 | INFO | Processing page 85
2025-12-30 11:28:04,699 | INFO | Scraping page 85
2025-12-30 11:28:04,822 | INFO | Page 85 scraped successfully with 20 records
2025-12-30 11:28:05,828 | INFO | Processing page 86
2025-12-30 11:28:05,828 | INFO | Scraping page 86
2025-12-30 11:28:05,952 | INFO | Page 86 scraped successfully with 20 records
2025-12-30 11:28:06,957 | INFO | Processing page 87
2025-12-30 11:28:06,957 | INFO | Scraping page 87
2025-12-30 11:28:07,096 | INFO | Page 87 scraped successfully with 20 records
2025-12-30 11:28:08,101 | INFO | Processing page 88
2025-12-30 11:28:08,101 | INFO | Scraping page 88
2025-12-30 11:28:08,228 | INFO | Page 88 scraped successfully with 20 records
2025-12-30 11:28:09,233 | INFO | Processing page 89
2025-12-30 11:28:09,233 | INFO | Scraping page 89
2025-12-30 11:28:09,350 | INFO | Page 89 scraped successfully with 20 records
2025-12-30 11:28:10,356 | INFO | Processing page 90
2025-12-30 11:28:10,356 | INFO | Scraping page 90
2025-12-30 11:28:10,489 | INFO | Page 90 scraped successfully with 20 records
2025-12-30 11:28:11,495 | INFO | Processing page 91
2025-12-30 11:28:11,495 | INFO | Scraping page 91
2025-12-30 11:28:11,618 | INFO | Page 91 scraped successfully with 20 records
2025-12-30 11:28:12,623 | INFO | Processing page 92
2025-12-30 11:28:12,623 | INFO | Scraping page 92
2025-12-30 11:28:12,752 | INFO | Page 92 scraped successfully with 20 records
2025-12-30 11:28:13,757 | INFO | Processing page 93
2025-12-30 11:28:13,758 | INFO | Scraping page 93
2025-12-30 11:28:13,900 | INFO | Page 93 scraped successfully with 20 records
2025-12-30 11:28:14,905 | INFO | Processing page 94
2025-12-30 11:28:14,905 | INFO | Scraping page 94
2025-12-30 11:28:15,038 | INFO | Page 94 scraped successfully with 20 records
2025-12-30 11:28:16,043 | INFO | Processing page 95
2025-12-30 11:28:16,043 | INFO | Scraping page 95
2025-12-30 11:28:16,157 | INFO | Page 95 scraped successfully with 20 records
2025-12-30 11:28:17,163 | INFO | Processing page 96
2025-12-30 11:28:17,163 | INFO | Scraping page 96
2025-12-30 11:28:17,299 | INFO | Page 96 scraped successfully with 20 records
2025-12-30 11:28:18,304 | INFO | Processing page 97
2025-12-30 11:28:18,304 | INFO | Scraping page 97
2025-12-30 11:28:18,430 | INFO | Page 97 scraped successfully with 20 records
2025-12-30 11:28:19,435 | INFO | Processing page 98
2025-12-30 11:28:19,436 | INFO | Scraping page 98
2025-12-30 11:28:19,556 | INFO | Page 98 scraped successfully with 20 records
2025-12-30 11:28:20,561 | INFO | Processing page 99
2025-12-30 11:28:20,561 | INFO | Scraping page 99
2025-12-30 11:28:20,680 | INFO | Page 99 scraped successfully with 20 records
2025-12-30 11:28:21,685 | INFO | Processing page 100
2025-12-30 11:28:21,685 | INFO | Scraping page 100
2025-12-30 11:28:21,805 | INFO | Page 100 scraped successfully with 20 records
2025-12-30 11:28:22,811 | INFO | Processing page 101
2025-12-30 11:28:22,811 | INFO | Scraping page 101
2025-12-30 11:28:22,933 | INFO | Page 101 scraped successfully with 20 records
2025-12-30 11:28:23,938 | INFO | Processing page 102
2025-12-30 11:28:23,939 | INFO | Scraping page 102
2025-12-30 11:28:24,068 | INFO | Page 102 scraped successfully with 20 records
2025-12-30 11:28:25,073 | INFO | Processing page 103
2025-12-30 11:28:25,074 | INFO | Scraping page 103
2025-12-30 11:28:25,191 | INFO | Page 103 scraped successfully with 20 records
2025-12-30 11:28:26,196 | INFO | Processing page 104
2025-12-30 11:28:26,196 | INFO | Scraping page 104
2025-12-30 11:28:26,313 | INFO | Page 104 scraped successfully with 20 records
2025-12-30 11:28:27,318 | INFO | Processing page 105
2025-12-30 11:28:27,319 | INFO | Scraping page 105
2025-12-30 11:28:27,436 | INFO | Page 105 scraped successfully with 20 records
2025-12-30 11:28:28,442 | INFO | Processing page 106
2025-12-30 11:28:28,442 | INFO | Scraping page 106
2025-12-30 11:28:28,561 | INFO | Page 106 scraped successfully with 20 records
2025-12-30 11:28:29,566 | INFO | Processing page 107
2025-12-30 11:28:29,566 | INFO | Scraping page 107
2025-12-30 11:28:29,691 | INFO | Page 107 scraped successfully with 20 records
2025-12-30 11:28:30,696 | INFO | Processing page 108
2025-12-30 11:28:30,696 | INFO | Scraping page 108
2025-12-30 11:28:30,823 | INFO | Page 108 scraped successfully with 20 records
2025-12-30 11:28:31,829 | INFO | Processing page 109
2025-12-30 11:28:31,829 | INFO | Scraping page 109
2025-12-30 11:28:31,948 | INFO | Page 109 scraped successfully with 20 records
2025-12-30 11:28:32,953 | INFO | Processing page 110
2025-12-30 11:28:32,953 | INFO | Scraping page 110
2025-12-30 11:28:33,078 | INFO | Page 110 scraped successfully with 20 records
2025-12-30 11:28:34,083 | INFO | Processing page 111
2025-12-30 11:28:34,083 | INFO | Scraping page 111
2025-12-30 11:28:34,209 | INFO | Page 111 scraped successfully with 20 records
2025-12-30 11:28:35,214 | INFO | Processing page 112
2025-12-30 11:28:35,215 | INFO | Scraping page 112
2025-12-30 11:28:35,342 | INFO | Page 112 scraped successfully with 20 records
2025-12-30 11:28:36,348 | INFO | Processing page 113
2025-12-30 11:28:36,348 | INFO | Scraping page 113
2025-12-30 11:28:36,480 | INFO | Page 113 scraped successfully with 20 records
2025-12-30 11:28:37,485 | INFO | Processing page 114
2025-12-30 11:28:37,486 | INFO | Scraping page 114
2025-12-30 11:28:37,607 | INFO | Page 114 scraped successfully with 20 records
2025-12-30 11:28:38,612 | INFO | Processing page 115
2025-12-30 11:28:38,612 | INFO | Scraping page 115
2025-12-30 11:28:38,741 | INFO | Page 115 scraped successfully with 20 records
2025-12-30 11:28:39,747 | INFO | Processing page 116
2025-12-30 11:28:39,747 | INFO | Scraping page 116
2025-12-30 11:28:39,891 | INFO | Page 116 scraped successfully with 20 records
2025-12-30 11:28:40,896 | INFO | Processing page 117
2025-12-30 11:28:40,896 | INFO | Scraping page 117
2025-12-30 11:28:41,032 | INFO | Page 117 scraped successfully with 20 records
2025-12-30 11:28:42,037 | INFO | Processing page 118
2025-12-30 11:28:42,037 | INFO | Scraping page 118
2025-12-30 11:28:42,163 | INFO | Page 118 scraped successfully with 20 records
2025-12-30 11:28:43,169 | INFO | Processing page 119
2025-12-30 11:28:43,169 | INFO | Scraping page 119
2025-12-30 11:28:43,297 | INFO | Page 119 scraped successfully with 20 records
2025-12-30 11:28:44,302 | INFO | Processing page 120
2025-12-30 11:28:44,302 | INFO | Scraping page 120
2025-12-30 11:28:44,435 | INFO | Page 120 scraped successfully with 20 records
2025-12-30 11:28:45,440 | INFO | Processing page 121
2025-12-30 11:28:45,441 | INFO | Scraping page 121
2025-12-30 11:28:45,574 | INFO | Page 121 scraped successfully with 20 records
2025-12-30 11:28:46,579 | INFO | Processing page 122
2025-12-30 11:28:46,580 | INFO | Scraping page 122
2025-12-30 11:28:46,704 | INFO | Page 122 scraped successfully with 20 records
2025-12-30 11:28:47,709 | INFO | Processing page 123
2025-12-30 11:28:47,710 | INFO | Scraping page 123
2025-12-30 11:28:47,831 | INFO | Page 123 scraped successfully with 20 records
2025-12-30 11:28:48,836 | INFO | Processing page 124
2025-12-30 11:28:48,837 | INFO | Scraping page 124
2025-12-30 11:28:48,962 | INFO | Page 124 scraped successfully with 20 records
2025-12-30 11:28:49,967 | INFO | Processing page 125
2025-12-30 11:28:49,967 | INFO | Scraping page 125
2025-12-30 11:28:50,090 | INFO | Page 125 scraped successfully with 20 records
2025-12-30 11:28:51,095 | INFO | Processing page 126
2025-12-30 11:28:51,095 | INFO | Scraping page 126
2025-12-30 11:28:51,217 | INFO | Page 126 scraped successfully with 20 records
2025-12-30 11:28:52,223 | INFO | Processing page 127
2025-12-30 11:28:52,223 | INFO | Scraping page 127
2025-12-30 11:28:52,350 | INFO | Page 127 scraped successfully with 20 records
2025-12-30 11:28:53,355 | INFO | Processing page 128
2025-12-30 11:28:53,355 | INFO | Scraping page 128
2025-12-30 11:28:53,481 | INFO | Page 128 scraped successfully with 20 records
2025-12-30 11:28:54,486 | INFO | Processing page 129
2025-12-30 11:28:54,487 | INFO | Scraping page 129
2025-12-30 11:28:54,604 | INFO | Page 129 scraped successfully with 20 records
2025-12-30 11:28:55,609 | INFO | Processing page 130
2025-12-30 11:28:55,609 | INFO | Scraping page 130
2025-12-30 11:28:55,732 | INFO | Page 130 scraped successfully with 20 records
2025-12-30 11:28:56,737 | INFO | Processing page 131
2025-12-30 11:28:56,737 | INFO | Scraping page 131
2025-12-30 11:28:56,863 | INFO | Page 131 scraped successfully with 20 records
2025-12-30 11:28:57,868 | INFO | Processing page 132
2025-12-30 11:28:57,868 | INFO | Scraping page 132
2025-12-30 11:28:57,992 | INFO | Page 132 scraped successfully with 20 records
2025-12-30 11:28:58,997 | INFO | Processing page 133
2025-12-30 11:28:58,998 | INFO | Scraping page 133
2025-12-30 11:28:59,138 | INFO | Page 133 scraped successfully with 20 records
2025-12-30 11:29:00,143 | INFO | Processing page 134
2025-12-30 11:29:00,143 | INFO | Scraping page 134
2025-12-30 11:29:00,259 | INFO | Page 134 scraped successfully with 20 records
2025-12-30 11:29:01,260 | INFO | Processing page 135
2025-12-30 11:29:01,260 | INFO | Scraping page 135
2025-12-30 11:29:01,386 | INFO | Page 135 scraped successfully with 20 records
2025-12-30 11:29:02,391 | INFO | Processing page 136
2025-12-30 11:29:02,392 | INFO | Scraping page 136
2025-12-30 11:29:02,512 | INFO | Page 136 scraped successfully with 20 records
2025-12-30 11:29:03,518 | INFO | Processing page 137
2025-12-30 11:29:03,518 | INFO | Scraping page 137
2025-12-30 11:29:04,114 | INFO | Page 137 scraped successfully with 20 records
2025-12-30 11:29:05,119 | INFO | Processing page 138
2025-12-30 11:29:05,120 | INFO | Scraping page 138
2025-12-30 11:29:05,253 | INFO | Page 138 scraped successfully with 20 records
2025-12-30 11:29:06,258 | INFO | Processing page 139
2025-12-30 11:29:06,258 | INFO | Scraping page 139
2025-12-30 11:29:06,387 | INFO | Page 139 scraped successfully with 20 records
2025-12-30 11:29:07,392 | INFO | Processing page 140
2025-12-30 11:29:07,393 | INFO | Scraping page 140
2025-12-30 11:29:07,514 | INFO | Page 140 scraped successfully with 20 records
2025-12-30 11:29:08,519 | INFO | Processing page 141
2025-12-30 11:29:08,519 | INFO | Scraping page 141
2025-12-30 11:29:08,647 | INFO | Page 141 scraped successfully with 20 records
2025-12-30 11:29:09,652 | INFO | Processing page 142
2025-12-30 11:29:09,652 | INFO | Scraping page 142
2025-12-30 11:29:09,783 | INFO | Page 142 scraped successfully with 20 records
2025-12-30 11:29:10,788 | INFO | Processing page 143
2025-12-30 11:29:10,789 | INFO | Scraping page 143
2025-12-30 11:29:10,913 | INFO | Page 143 scraped successfully with 20 records
2025-12-30 11:29:11,918 | INFO | Processing page 144
2025-12-30 11:29:11,918 | INFO | Scraping page 144
2025-12-30 11:29:12,055 | INFO | Page 144 scraped successfully with 20 records
2025-12-30 11:29:13,060 | INFO | Processing page 145
2025-12-30 11:29:13,060 | INFO | Scraping page 145
2025-12-30 11:29:13,184 | INFO | Page 145 scraped successfully with 20 records
2025-12-30 11:29:14,190 | INFO | Processing page 146
2025-12-30 11:29:14,190 | INFO | Scraping page 146
2025-12-30 11:29:14,311 | INFO | Page 146 scraped successfully with 20 records
2025-12-30 11:29:15,317 | INFO | Processing page 147
2025-12-30 11:29:15,317 | INFO | Scraping page 147
2025-12-30 11:29:15,432 | INFO | Page 147 scraped successfully with 20 records
2025-12-30 11:29:16,437 | INFO | Processing page 148
2025-12-30 11:29:16,438 | INFO | Scraping page 148
2025-12-30 11:29:16,558 | INFO | Page 148 scraped successfully with 20 records
2025-12-30 11:29:17,559 | INFO | Processing page 149
2025-12-30 11:29:17,560 | INFO | Scraping page 149
2025-12-30 11:29:17,682 | INFO | Page 149 scraped successfully with 20 records
2025-12-30 11:29:18,688 | INFO | Processing page 150
2025-12-30 11:29:18,688 | INFO | Scraping page 150
2025-12-30 11:29:18,807 | INFO | Page 150 scraped successfully with 20 records
2025-12-30 11:29:19,810 | INFO | Processing page 151
2025-12-30 11:29:19,811 | INFO | Scraping page 151
2025-12-30 11:29:22,601 | INFO | Page 151 scraped successfully with 20 records
2025-12-30 11:29:23,606 | INFO | Processing page 152
2025-12-30 11:29:23,606 | INFO | Scraping page 152
2025-12-30 11:29:23,727 | INFO | Page 152 scraped successfully with 20 records
2025-12-30 11:29:24,732 | INFO | Processing page 153
2025-12-30 11:29:24,733 | INFO | Scraping page 153
2025-12-30 11:29:24,855 | INFO | Page 153 scraped successfully with 20 records
2025-12-30 11:29:25,860 | INFO | Processing page 154
2025-12-30 11:29:25,861 | INFO | Scraping page 154
2025-12-30 11:29:25,920 | ERROR | Network error on page 154: 404 Client Error: Not Found for url: https://ibbi.gov.in/resolution-plans?page=154
2025-12-30 11:29:25,920 | WARNING | Empty data on page 154, retrying once
2025-12-30 11:29:25,920 | INFO | Scraping page 154
2025-12-30 11:29:25,978 | ERROR | Network error on page 154: 404 Client Error: Not Found for url: https://ibbi.gov.in/resolution-plans?page=154
2025-12-30 11:29:25,978 | INFO | Stopping scraper at page 154
2025-12-30 11:29:25,978 | INFO | Scraping completed. Total records: 3060
2025-12-30 11:29:26,352 | INFO | Excel file saved successfully: /Users/aditya/Scrapping_ibbi_data/api/../output/ibbi_resolution_plans_2025-12-30_11-26-17.xlsx
2025-12-30 11:29:26,353 | INFO | 127.0.0.1 - - [30/Dec/2025 11:29:26] "GET /start-scraping HTTP/1.1" 200 -
2025-12-30 12:00:22,953 | INFO | 127.0.0.1 - - [30/Dec/2025 12:00:22] "GET / HTTP/1.1" 200 -
2025-12-30 12:00:22,998 | INFO | 127.0.0.1 - - [30/Dec/2025 12:00:22] "[33mGET /Users/aditya/Scrapping_ibbi_data/frontend/favicon.png HTTP/1.1[0m" 404 -
2025-12-30 12:02:44,582 | INFO | 127.0.0.1 - - [30/Dec/2025 12:02:44] "GET / HTTP/1.1" 200 -
2025-12-30 12:02:47,163 | INFO | 127.0.0.1 - - [30/Dec/2025 12:02:47] "[36mGET / HTTP/1.1[0m" 304 -
2025-12-30 12:02:48,846 | INFO | 127.0.0.1 - - [30/Dec/2025 12:02:48] "[36mGET / HTTP/1.1[0m" 304 -
2025-12-30 12:02:49,176 | INFO | 127.0.0.1 - - [30/Dec/2025 12:02:49] "[36mGET / HTTP/1.1[0m" 304 -
2025-12-30 12:02:49,477 | INFO | 127.0.0.1 - - [30/Dec/2025 12:02:49] "[36mGET / HTTP/1.1[0m" 304 -
2025-12-30 12:04:15,264 | INFO | 127.0.0.1 - - [30/Dec/2025 12:04:15] "GET / HTTP/1.1" 200 -
2025-12-30 12:09:03,944 | INFO | Logger initialized on production server
2025-12-30 12:09:03,971 | INFO | [31m[1mWARNING: This is a development server. Do not use it in a production deployment. Use a production WSGI server instead.[0m
 * Running on http://127.0.0.1:5000
2025-12-30 12:09:03,971 | INFO | [33mPress CTRL+C to quit[0m
2025-12-30 12:09:03,971 | INFO |  * Restarting with stat
2025-12-30 12:09:04,266 | INFO | Logger initialized on production server
2025-12-30 12:09:04,284 | WARNING |  * Debugger is active!
2025-12-30 12:09:04,300 | INFO |  * Debugger PIN: 120-998-675
2025-12-30 12:09:27,563 | INFO | 127.0.0.1 - - [30/Dec/2025 12:09:27] "GET / HTTP/1.1" 200 -
2025-12-30 12:09:27,614 | INFO | 127.0.0.1 - - [30/Dec/2025 12:09:27] "[33mGET /frontend/favicon.png HTTP/1.1[0m" 404 -
2025-12-30 12:09:30,795 | INFO | 127.0.0.1 - - [30/Dec/2025 12:09:30] "[36mGET / HTTP/1.1[0m" 304 -
2025-12-30 12:09:43,840 | INFO | IBBI Scraper initialized
2025-12-30 12:09:43,840 | INFO | HTTP session with retry configured
2025-12-30 12:09:43,840 | INFO | Scraping started
2025-12-30 12:09:43,841 | INFO | Processing page 1
2025-12-30 12:09:43,841 | INFO | Scraping page 1
2025-12-30 12:09:44,086 | INFO | Page 1 scraped successfully with 20 records
2025-12-30 12:09:45,092 | INFO | Processing page 2
2025-12-30 12:09:45,094 | INFO | Scraping page 2
2025-12-30 12:09:45,199 | INFO | Page 2 scraped successfully with 20 records
2025-12-30 12:09:46,204 | INFO | Processing page 3
2025-12-30 12:09:46,205 | INFO | Scraping page 3
2025-12-30 12:09:46,311 | INFO | Page 3 scraped successfully with 20 records
2025-12-30 12:09:47,316 | INFO | Processing page 4
2025-12-30 12:09:47,317 | INFO | Scraping page 4
2025-12-30 12:09:47,435 | INFO | Page 4 scraped successfully with 20 records
2025-12-30 12:09:48,438 | INFO | Processing page 5
2025-12-30 12:09:48,438 | INFO | Scraping page 5
2025-12-30 12:09:48,543 | INFO | Page 5 scraped successfully with 20 records
2025-12-30 12:09:49,546 | INFO | Processing page 6
2025-12-30 12:09:49,546 | INFO | Scraping page 6
2025-12-30 12:09:49,659 | INFO | Page 6 scraped successfully with 20 records
2025-12-30 12:09:50,665 | INFO | Processing page 7
2025-12-30 12:09:50,665 | INFO | Scraping page 7
2025-12-30 12:09:50,790 | INFO | Page 7 scraped successfully with 20 records
2025-12-30 12:09:51,796 | INFO | Processing page 8
2025-12-30 12:09:51,796 | INFO | Scraping page 8
2025-12-30 12:09:51,908 | INFO | Page 8 scraped successfully with 20 records
2025-12-30 12:09:52,913 | INFO | Processing page 9
2025-12-30 12:09:52,914 | INFO | Scraping page 9
2025-12-30 12:09:53,031 | INFO | Page 9 scraped successfully with 20 records
2025-12-30 12:09:54,036 | INFO | Processing page 10
2025-12-30 12:09:54,037 | INFO | Scraping page 10
2025-12-30 12:09:54,147 | INFO | Page 10 scraped successfully with 20 records
2025-12-30 12:09:55,153 | INFO | Processing page 11
2025-12-30 12:09:55,153 | INFO | Scraping page 11
2025-12-30 12:09:55,276 | INFO | Page 11 scraped successfully with 20 records
2025-12-30 12:09:56,281 | INFO | Processing page 12
2025-12-30 12:09:56,282 | INFO | Scraping page 12
2025-12-30 12:09:56,393 | INFO | Page 12 scraped successfully with 20 records
2025-12-30 12:09:57,398 | INFO | Processing page 13
2025-12-30 12:09:57,399 | INFO | Scraping page 13
2025-12-30 12:09:57,522 | INFO | Page 13 scraped successfully with 20 records
2025-12-30 12:09:58,527 | INFO | Processing page 14
2025-12-30 12:09:58,527 | INFO | Scraping page 14
2025-12-30 12:09:58,648 | INFO | Page 14 scraped successfully with 20 records
2025-12-30 12:09:59,653 | INFO | Processing page 15
2025-12-30 12:09:59,654 | INFO | Scraping page 15
2025-12-30 12:09:59,809 | INFO | Page 15 scraped successfully with 20 records
2025-12-30 12:10:00,814 | INFO | Processing page 16
2025-12-30 12:10:00,814 | INFO | Scraping page 16
2025-12-30 12:10:00,939 | INFO | Page 16 scraped successfully with 20 records
2025-12-30 12:10:01,944 | INFO | Processing page 17
2025-12-30 12:10:01,945 | INFO | Scraping page 17
2025-12-30 12:10:02,057 | INFO | Page 17 scraped successfully with 20 records
2025-12-30 12:10:03,062 | INFO | Processing page 18
2025-12-30 12:10:03,063 | INFO | Scraping page 18
2025-12-30 12:10:03,180 | INFO | Page 18 scraped successfully with 20 records
2025-12-30 12:10:04,186 | INFO | Processing page 19
2025-12-30 12:10:04,186 | INFO | Scraping page 19
2025-12-30 12:10:04,298 | INFO | Page 19 scraped successfully with 20 records
2025-12-30 12:10:05,303 | INFO | Processing page 20
2025-12-30 12:10:05,303 | INFO | Scraping page 20
2025-12-30 12:10:05,426 | INFO | Page 20 scraped successfully with 20 records
2025-12-30 12:10:06,431 | INFO | Processing page 21
2025-12-30 12:10:06,432 | INFO | Scraping page 21
2025-12-30 12:10:06,560 | INFO | Page 21 scraped successfully with 20 records
2025-12-30 12:10:07,563 | INFO | Processing page 22
2025-12-30 12:10:07,563 | INFO | Scraping page 22
2025-12-30 12:10:07,683 | INFO | Page 22 scraped successfully with 20 records
2025-12-30 12:10:08,687 | INFO | Processing page 23
2025-12-30 12:10:08,687 | INFO | Scraping page 23
2025-12-30 12:10:08,795 | INFO | Page 23 scraped successfully with 20 records
2025-12-30 12:10:09,800 | INFO | Processing page 24
2025-12-30 12:10:09,800 | INFO | Scraping page 24
2025-12-30 12:10:09,931 | INFO | Page 24 scraped successfully with 20 records
2025-12-30 12:10:10,936 | INFO | Processing page 25
2025-12-30 12:10:10,937 | INFO | Scraping page 25
2025-12-30 12:10:11,066 | INFO | Page 25 scraped successfully with 20 records
2025-12-30 12:10:12,071 | INFO | Processing page 26
2025-12-30 12:10:12,071 | INFO | Scraping page 26
2025-12-30 12:10:12,189 | INFO | Page 26 scraped successfully with 20 records
2025-12-30 12:10:13,194 | INFO | Processing page 27
2025-12-30 12:10:13,195 | INFO | Scraping page 27
2025-12-30 12:10:13,314 | INFO | Page 27 scraped successfully with 20 records
2025-12-30 12:10:14,320 | INFO | Processing page 28
2025-12-30 12:10:14,320 | INFO | Scraping page 28
2025-12-30 12:10:14,454 | INFO | Page 28 scraped successfully with 20 records
2025-12-30 12:10:15,459 | INFO | Processing page 29
2025-12-30 12:10:15,459 | INFO | Scraping page 29
2025-12-30 12:10:15,577 | INFO | Page 29 scraped successfully with 20 records
2025-12-30 12:10:16,582 | INFO | Processing page 30
2025-12-30 12:10:16,583 | INFO | Scraping page 30
2025-12-30 12:10:16,710 | INFO | Page 30 scraped successfully with 20 records
2025-12-30 12:10:17,715 | INFO | Processing page 31
2025-12-30 12:10:17,715 | INFO | Scraping page 31
2025-12-30 12:10:17,876 | INFO | Page 31 scraped successfully with 20 records
2025-12-30 12:10:18,881 | INFO | Processing page 32
2025-12-30 12:10:18,882 | INFO | Scraping page 32
2025-12-30 12:10:19,010 | INFO | Page 32 scraped successfully with 20 records
2025-12-30 12:10:20,016 | INFO | Processing page 33
2025-12-30 12:10:20,016 | INFO | Scraping page 33
2025-12-30 12:10:20,133 | INFO | Page 33 scraped successfully with 20 records
2025-12-30 12:10:21,138 | INFO | Processing page 34
2025-12-30 12:10:21,139 | INFO | Scraping page 34
2025-12-30 12:10:21,269 | INFO | Page 34 scraped successfully with 20 records
2025-12-30 12:10:22,274 | INFO | Processing page 35
2025-12-30 12:10:22,275 | INFO | Scraping page 35
2025-12-30 12:10:22,399 | INFO | Page 35 scraped successfully with 20 records
2025-12-30 12:10:23,405 | INFO | Processing page 36
2025-12-30 12:10:23,405 | INFO | Scraping page 36
2025-12-30 12:10:23,538 | INFO | Page 36 scraped successfully with 20 records
2025-12-30 12:10:24,543 | INFO | Processing page 37
2025-12-30 12:10:24,543 | INFO | Scraping page 37
2025-12-30 12:10:24,657 | INFO | Page 37 scraped successfully with 20 records
2025-12-30 12:10:25,662 | INFO | Processing page 38
2025-12-30 12:10:25,663 | INFO | Scraping page 38
2025-12-30 12:10:25,789 | INFO | Page 38 scraped successfully with 20 records
2025-12-30 12:10:26,796 | INFO | Processing page 39
2025-12-30 12:10:26,796 | INFO | Scraping page 39
2025-12-30 12:10:26,922 | INFO | Page 39 scraped successfully with 20 records
2025-12-30 12:10:27,928 | INFO | Processing page 40
2025-12-30 12:10:27,928 | INFO | Scraping page 40
2025-12-30 12:10:28,054 | INFO | Page 40 scraped successfully with 20 records
2025-12-30 12:10:29,060 | INFO | Processing page 41
2025-12-30 12:10:29,060 | INFO | Scraping page 41
2025-12-30 12:10:29,193 | INFO | Page 41 scraped successfully with 20 records
2025-12-30 12:10:30,198 | INFO | Processing page 42
2025-12-30 12:10:30,199 | INFO | Scraping page 42
2025-12-30 12:10:30,320 | INFO | Page 42 scraped successfully with 20 records
2025-12-30 12:10:31,326 | INFO | Processing page 43
2025-12-30 12:10:31,326 | INFO | Scraping page 43
2025-12-30 12:10:31,458 | INFO | Page 43 scraped successfully with 20 records
2025-12-30 12:10:32,463 | INFO | Processing page 44
2025-12-30 12:10:32,464 | INFO | Scraping page 44
2025-12-30 12:10:32,590 | INFO | Page 44 scraped successfully with 20 records
2025-12-30 12:10:33,595 | INFO | Processing page 45
2025-12-30 12:10:33,595 | INFO | Scraping page 45
2025-12-30 12:10:33,703 | INFO | Page 45 scraped successfully with 20 records
2025-12-30 12:10:34,708 | INFO | Processing page 46
2025-12-30 12:10:34,708 | INFO | Scraping page 46
2025-12-30 12:10:34,830 | INFO | Page 46 scraped successfully with 20 records
2025-12-30 12:10:35,836 | INFO | Processing page 47
2025-12-30 12:10:35,836 | INFO | Scraping page 47
2025-12-30 12:10:35,960 | INFO | Page 47 scraped successfully with 20 records
2025-12-30 12:10:36,966 | INFO | Processing page 48
2025-12-30 12:10:36,966 | INFO | Scraping page 48
2025-12-30 12:10:37,085 | INFO | Page 48 scraped successfully with 20 records
2025-12-30 12:10:38,090 | INFO | Processing page 49
2025-12-30 12:10:38,091 | INFO | Scraping page 49
2025-12-30 12:10:38,210 | INFO | Page 49 scraped successfully with 20 records
2025-12-30 12:10:39,215 | INFO | Processing page 50
2025-12-30 12:10:39,216 | INFO | Scraping page 50
2025-12-30 12:10:39,332 | INFO | Page 50 scraped successfully with 20 records
2025-12-30 12:10:40,338 | INFO | Processing page 51
2025-12-30 12:10:40,338 | INFO | Scraping page 51
2025-12-30 12:10:40,467 | INFO | Page 51 scraped successfully with 20 records
2025-12-30 12:10:41,472 | INFO | Processing page 52
2025-12-30 12:10:41,473 | INFO | Scraping page 52
2025-12-30 12:10:41,594 | INFO | Page 52 scraped successfully with 20 records
2025-12-30 12:10:42,599 | INFO | Processing page 53
2025-12-30 12:10:42,600 | INFO | Scraping page 53
2025-12-30 12:10:42,730 | INFO | Page 53 scraped successfully with 20 records
2025-12-30 12:10:43,735 | INFO | Processing page 54
2025-12-30 12:10:43,736 | INFO | Scraping page 54
2025-12-30 12:10:43,858 | INFO | Page 54 scraped successfully with 20 records
2025-12-30 12:10:44,864 | INFO | Processing page 55
2025-12-30 12:10:44,864 | INFO | Scraping page 55
2025-12-30 12:10:44,992 | INFO | Page 55 scraped successfully with 20 records
2025-12-30 12:10:45,997 | INFO | Processing page 56
2025-12-30 12:10:45,998 | INFO | Scraping page 56
2025-12-30 12:10:46,129 | INFO | Page 56 scraped successfully with 20 records
2025-12-30 12:10:47,134 | INFO | Processing page 57
2025-12-30 12:10:47,134 | INFO | Scraping page 57
2025-12-30 12:10:47,254 | INFO | Page 57 scraped successfully with 20 records
2025-12-30 12:10:48,259 | INFO | Processing page 58
2025-12-30 12:10:48,260 | INFO | Scraping page 58
2025-12-30 12:10:48,388 | INFO | Page 58 scraped successfully with 20 records
2025-12-30 12:10:49,393 | INFO | Processing page 59
2025-12-30 12:10:49,394 | INFO | Scraping page 59
2025-12-30 12:10:49,515 | INFO | Page 59 scraped successfully with 20 records
2025-12-30 12:10:50,520 | INFO | Processing page 60
2025-12-30 12:10:50,521 | INFO | Scraping page 60
2025-12-30 12:10:50,652 | INFO | Page 60 scraped successfully with 20 records
2025-12-30 12:10:51,654 | INFO | Processing page 61
2025-12-30 12:10:51,655 | INFO | Scraping page 61
2025-12-30 12:10:51,774 | INFO | Page 61 scraped successfully with 20 records
2025-12-30 12:10:52,779 | INFO | Processing page 62
2025-12-30 12:10:52,779 | INFO | Scraping page 62
2025-12-30 12:10:52,950 | INFO | Page 62 scraped successfully with 20 records
2025-12-30 12:10:53,956 | INFO | Processing page 63
2025-12-30 12:10:53,956 | INFO | Scraping page 63
2025-12-30 12:10:54,081 | INFO | Page 63 scraped successfully with 20 records
2025-12-30 12:10:55,086 | INFO | Processing page 64
2025-12-30 12:10:55,087 | INFO | Scraping page 64
2025-12-30 12:10:55,203 | INFO | Page 64 scraped successfully with 20 records
2025-12-30 12:10:56,209 | INFO | Processing page 65
2025-12-30 12:10:56,209 | INFO | Scraping page 65
2025-12-30 12:10:56,320 | INFO | Page 65 scraped successfully with 20 records
2025-12-30 12:10:57,321 | INFO | Processing page 66
2025-12-30 12:10:57,321 | INFO | Scraping page 66
2025-12-30 12:10:57,455 | INFO | Page 66 scraped successfully with 20 records
2025-12-30 12:10:58,460 | INFO | Processing page 67
2025-12-30 12:10:58,461 | INFO | Scraping page 67
2025-12-30 12:10:58,578 | INFO | Page 67 scraped successfully with 20 records
2025-12-30 12:10:59,583 | INFO | Processing page 68
2025-12-30 12:10:59,583 | INFO | Scraping page 68
2025-12-30 12:10:59,721 | INFO | Page 68 scraped successfully with 20 records
2025-12-30 12:11:00,726 | INFO | Processing page 69
2025-12-30 12:11:00,727 | INFO | Scraping page 69
2025-12-30 12:11:00,838 | INFO | Page 69 scraped successfully with 20 records
2025-12-30 12:11:01,843 | INFO | Processing page 70
2025-12-30 12:11:01,843 | INFO | Scraping page 70
2025-12-30 12:11:01,970 | INFO | Page 70 scraped successfully with 20 records
2025-12-30 12:11:02,975 | INFO | Processing page 71
2025-12-30 12:11:02,976 | INFO | Scraping page 71
2025-12-30 12:11:03,096 | INFO | Page 71 scraped successfully with 20 records
2025-12-30 12:11:04,101 | INFO | Processing page 72
2025-12-30 12:11:04,102 | INFO | Scraping page 72
2025-12-30 12:11:04,213 | INFO | Page 72 scraped successfully with 20 records
2025-12-30 12:11:05,218 | INFO | Processing page 73
2025-12-30 12:11:05,218 | INFO | Scraping page 73
2025-12-30 12:11:05,331 | INFO | Page 73 scraped successfully with 20 records
2025-12-30 12:11:06,337 | INFO | Processing page 74
2025-12-30 12:11:06,337 | INFO | Scraping page 74
2025-12-30 12:11:06,446 | INFO | Page 74 scraped successfully with 20 records
2025-12-30 12:11:07,447 | INFO | Processing page 75
2025-12-30 12:11:07,448 | INFO | Scraping page 75
2025-12-30 12:11:07,562 | INFO | Page 75 scraped successfully with 20 records
2025-12-30 12:11:08,567 | INFO | Processing page 76
2025-12-30 12:11:08,567 | INFO | Scraping page 76
2025-12-30 12:11:08,742 | INFO | Page 76 scraped successfully with 20 records
2025-12-30 12:11:09,744 | INFO | Processing page 77
2025-12-30 12:11:09,745 | INFO | Scraping page 77
2025-12-30 12:11:09,859 | INFO | Page 77 scraped successfully with 20 records
2025-12-30 12:11:10,864 | INFO | Processing page 78
2025-12-30 12:11:10,865 | INFO | Scraping page 78
2025-12-30 12:11:10,993 | INFO | Page 78 scraped successfully with 20 records
2025-12-30 12:11:11,999 | INFO | Processing page 79
2025-12-30 12:11:11,999 | INFO | Scraping page 79
2025-12-30 12:11:12,124 | INFO | Page 79 scraped successfully with 20 records
2025-12-30 12:11:13,129 | INFO | Processing page 80
2025-12-30 12:11:13,130 | INFO | Scraping page 80
2025-12-30 12:11:13,250 | INFO | Page 80 scraped successfully with 20 records
2025-12-30 12:11:14,255 | INFO | Processing page 81
2025-12-30 12:11:14,256 | INFO | Scraping page 81
2025-12-30 12:11:14,386 | INFO | Page 81 scraped successfully with 20 records
2025-12-30 12:11:15,392 | INFO | Processing page 82
2025-12-30 12:11:15,392 | INFO | Scraping page 82
2025-12-30 12:11:15,518 | INFO | Page 82 scraped successfully with 20 records
2025-12-30 12:11:16,523 | INFO | Processing page 83
2025-12-30 12:11:16,523 | INFO | Scraping page 83
2025-12-30 12:11:16,650 | INFO | Page 83 scraped successfully with 20 records
2025-12-30 12:11:17,655 | INFO | Processing page 84
2025-12-30 12:11:17,655 | INFO | Scraping page 84
2025-12-30 12:11:17,781 | INFO | Page 84 scraped successfully with 20 records
2025-12-30 12:11:18,786 | INFO | Processing page 85
2025-12-30 12:11:18,786 | INFO | Scraping page 85
2025-12-30 12:11:18,908 | INFO | Page 85 scraped successfully with 20 records
2025-12-30 12:11:19,913 | INFO | Processing page 86
2025-12-30 12:11:19,914 | INFO | Scraping page 86
2025-12-30 12:11:20,034 | INFO | Page 86 scraped successfully with 20 records
2025-12-30 12:11:21,040 | INFO | Processing page 87
2025-12-30 12:11:21,040 | INFO | Scraping page 87
2025-12-30 12:11:21,157 | INFO | Page 87 scraped successfully with 20 records
2025-12-30 12:11:22,163 | INFO | Processing page 88
2025-12-30 12:11:22,163 | INFO | Scraping page 88
2025-12-30 12:11:22,286 | INFO | Page 88 scraped successfully with 20 records
2025-12-30 12:11:23,288 | INFO | Processing page 89
2025-12-30 12:11:23,288 | INFO | Scraping page 89
2025-12-30 12:11:23,407 | INFO | Page 89 scraped successfully with 20 records
2025-12-30 12:11:24,412 | INFO | Processing page 90
2025-12-30 12:11:24,413 | INFO | Scraping page 90
2025-12-30 12:11:24,535 | INFO | Page 90 scraped successfully with 20 records
2025-12-30 12:11:25,539 | INFO | Processing page 91
2025-12-30 12:11:25,539 | INFO | Scraping page 91
2025-12-30 12:11:25,656 | INFO | Page 91 scraped successfully with 20 records
2025-12-30 12:11:26,659 | INFO | Processing page 92
2025-12-30 12:11:26,659 | INFO | Scraping page 92
2025-12-30 12:11:26,768 | INFO | Page 92 scraped successfully with 20 records
2025-12-30 12:11:27,774 | INFO | Processing page 93
2025-12-30 12:11:27,774 | INFO | Scraping page 93
2025-12-30 12:11:27,916 | INFO | Page 93 scraped successfully with 20 records
2025-12-30 12:11:28,922 | INFO | Processing page 94
2025-12-30 12:11:28,922 | INFO | Scraping page 94
2025-12-30 12:11:29,049 | INFO | Page 94 scraped successfully with 20 records
2025-12-30 12:11:30,054 | INFO | Processing page 95
2025-12-30 12:11:30,055 | INFO | Scraping page 95
2025-12-30 12:11:30,172 | INFO | Page 95 scraped successfully with 20 records
2025-12-30 12:11:31,178 | INFO | Processing page 96
2025-12-30 12:11:31,178 | INFO | Scraping page 96
2025-12-30 12:11:31,291 | INFO | Page 96 scraped successfully with 20 records
2025-12-30 12:11:32,295 | INFO | Processing page 97
2025-12-30 12:11:32,295 | INFO | Scraping page 97
2025-12-30 12:11:32,408 | INFO | Page 97 scraped successfully with 20 records
2025-12-30 12:11:33,413 | INFO | Processing page 98
2025-12-30 12:11:33,413 | INFO | Scraping page 98
2025-12-30 12:11:33,549 | INFO | Page 98 scraped successfully with 20 records
2025-12-30 12:11:34,554 | INFO | Processing page 99
2025-12-30 12:11:34,554 | INFO | Scraping page 99
2025-12-30 12:11:34,665 | INFO | Page 99 scraped successfully with 20 records
2025-12-30 12:11:35,670 | INFO | Processing page 100
2025-12-30 12:11:35,671 | INFO | Scraping page 100
2025-12-30 12:11:35,789 | INFO | Page 100 scraped successfully with 20 records
2025-12-30 12:11:36,794 | INFO | Processing page 101
2025-12-30 12:11:36,794 | INFO | Scraping page 101
2025-12-30 12:11:36,910 | INFO | Page 101 scraped successfully with 20 records
2025-12-30 12:11:37,915 | INFO | Processing page 102
2025-12-30 12:11:37,915 | INFO | Scraping page 102
2025-12-30 12:11:38,036 | INFO | Page 102 scraped successfully with 20 records
2025-12-30 12:11:39,042 | INFO | Processing page 103
2025-12-30 12:11:39,042 | INFO | Scraping page 103
2025-12-30 12:11:39,162 | INFO | Page 103 scraped successfully with 20 records
2025-12-30 12:11:40,167 | INFO | Processing page 104
2025-12-30 12:11:40,167 | INFO | Scraping page 104
2025-12-30 12:11:40,286 | INFO | Page 104 scraped successfully with 20 records
2025-12-30 12:11:41,291 | INFO | Processing page 105
2025-12-30 12:11:41,291 | INFO | Scraping page 105
2025-12-30 12:11:41,404 | INFO | Page 105 scraped successfully with 20 records
2025-12-30 12:11:42,405 | INFO | Processing page 106
2025-12-30 12:11:42,405 | INFO | Scraping page 106
2025-12-30 12:11:42,595 | INFO | Page 106 scraped successfully with 20 records
2025-12-30 12:11:43,600 | INFO | Processing page 107
2025-12-30 12:11:43,600 | INFO | Scraping page 107
2025-12-30 12:11:43,722 | INFO | Page 107 scraped successfully with 20 records
2025-12-30 12:11:44,727 | INFO | Processing page 108
2025-12-30 12:11:44,728 | INFO | Scraping page 108
2025-12-30 12:11:44,847 | INFO | Page 108 scraped successfully with 20 records
2025-12-30 12:11:45,848 | INFO | Processing page 109
2025-12-30 12:11:45,849 | INFO | Scraping page 109
2025-12-30 12:11:45,963 | INFO | Page 109 scraped successfully with 20 records
2025-12-30 12:11:46,969 | INFO | Processing page 110
2025-12-30 12:11:46,969 | INFO | Scraping page 110
2025-12-30 12:11:47,106 | INFO | Page 110 scraped successfully with 20 records
2025-12-30 12:11:48,111 | INFO | Processing page 111
2025-12-30 12:11:48,111 | INFO | Scraping page 111
2025-12-30 12:11:48,230 | INFO | Page 111 scraped successfully with 20 records
2025-12-30 12:11:49,235 | INFO | Processing page 112
2025-12-30 12:11:49,236 | INFO | Scraping page 112
2025-12-30 12:11:49,360 | INFO | Page 112 scraped successfully with 20 records
2025-12-30 12:11:50,366 | INFO | Processing page 113
2025-12-30 12:11:50,366 | INFO | Scraping page 113
2025-12-30 12:11:50,495 | INFO | Page 113 scraped successfully with 20 records
2025-12-30 12:11:51,500 | INFO | Processing page 114
2025-12-30 12:11:51,500 | INFO | Scraping page 114
2025-12-30 12:11:51,645 | INFO | Page 114 scraped successfully with 20 records
2025-12-30 12:11:52,651 | INFO | Processing page 115
2025-12-30 12:11:52,651 | INFO | Scraping page 115
2025-12-30 12:11:52,818 | INFO | Page 115 scraped successfully with 20 records
2025-12-30 12:11:53,824 | INFO | Processing page 116
2025-12-30 12:11:53,824 | INFO | Scraping page 116
2025-12-30 12:11:53,958 | INFO | Page 116 scraped successfully with 20 records
2025-12-30 12:11:54,963 | INFO | Processing page 117
2025-12-30 12:11:54,963 | INFO | Scraping page 117
2025-12-30 12:11:55,083 | INFO | Page 117 scraped successfully with 20 records
2025-12-30 12:11:56,088 | INFO | Processing page 118
2025-12-30 12:11:56,088 | INFO | Scraping page 118
2025-12-30 12:11:56,224 | INFO | Page 118 scraped successfully with 20 records
2025-12-30 12:11:57,229 | INFO | Processing page 119
2025-12-30 12:11:57,229 | INFO | Scraping page 119
2025-12-30 12:11:57,485 | INFO | Page 119 scraped successfully with 20 records
2025-12-30 12:11:58,490 | INFO | Processing page 120
2025-12-30 12:11:58,491 | INFO | Scraping page 120
2025-12-30 12:11:58,686 | INFO | Page 120 scraped successfully with 20 records
2025-12-30 12:11:59,691 | INFO | Processing page 121
2025-12-30 12:11:59,691 | INFO | Scraping page 121
2025-12-30 12:11:59,815 | INFO | Page 121 scraped successfully with 20 records
2025-12-30 12:12:00,819 | INFO | Processing page 122
2025-12-30 12:12:00,820 | INFO | Scraping page 122
2025-12-30 12:12:00,940 | INFO | Page 122 scraped successfully with 20 records
2025-12-30 12:12:01,945 | INFO | Processing page 123
2025-12-30 12:12:01,945 | INFO | Scraping page 123
2025-12-30 12:12:02,065 | INFO | Page 123 scraped successfully with 20 records
2025-12-30 12:12:03,070 | INFO | Processing page 124
2025-12-30 12:12:03,070 | INFO | Scraping page 124
2025-12-30 12:12:03,195 | INFO | Page 124 scraped successfully with 20 records
2025-12-30 12:12:04,200 | INFO | Processing page 125
2025-12-30 12:12:04,200 | INFO | Scraping page 125
2025-12-30 12:12:04,327 | INFO | Page 125 scraped successfully with 20 records
2025-12-30 12:12:05,332 | INFO | Processing page 126
2025-12-30 12:12:05,333 | INFO | Scraping page 126
2025-12-30 12:12:05,549 | INFO | Page 126 scraped successfully with 20 records
2025-12-30 12:12:06,555 | INFO | Processing page 127
2025-12-30 12:12:06,555 | INFO | Scraping page 127
2025-12-30 12:12:06,686 | INFO | Page 127 scraped successfully with 20 records
2025-12-30 12:12:07,691 | INFO | Processing page 128
2025-12-30 12:12:07,692 | INFO | Scraping page 128
2025-12-30 12:12:07,834 | INFO | Page 128 scraped successfully with 20 records
2025-12-30 12:12:08,839 | INFO | Processing page 129
2025-12-30 12:12:08,840 | INFO | Scraping page 129
2025-12-30 12:12:08,964 | INFO | Page 129 scraped successfully with 20 records
2025-12-30 12:12:09,969 | INFO | Processing page 130
2025-12-30 12:12:09,970 | INFO | Scraping page 130
2025-12-30 12:12:10,104 | INFO | Page 130 scraped successfully with 20 records
2025-12-30 12:12:11,109 | INFO | Processing page 131
2025-12-30 12:12:11,110 | INFO | Scraping page 131
2025-12-30 12:12:11,237 | INFO | Page 131 scraped successfully with 20 records
2025-12-30 12:12:12,242 | INFO | Processing page 132
2025-12-30 12:12:12,243 | INFO | Scraping page 132
2025-12-30 12:12:12,376 | INFO | Page 132 scraped successfully with 20 records
2025-12-30 12:12:13,381 | INFO | Processing page 133
2025-12-30 12:12:13,382 | INFO | Scraping page 133
2025-12-30 12:12:13,505 | INFO | Page 133 scraped successfully with 20 records
2025-12-30 12:12:14,510 | INFO | Processing page 134
2025-12-30 12:12:14,510 | INFO | Scraping page 134
2025-12-30 12:12:14,628 | INFO | Page 134 scraped successfully with 20 records
2025-12-30 12:12:15,634 | INFO | Processing page 135
2025-12-30 12:12:15,634 | INFO | Scraping page 135
2025-12-30 12:12:15,758 | INFO | Page 135 scraped successfully with 20 records
2025-12-30 12:12:16,763 | INFO | Processing page 136
2025-12-30 12:12:16,764 | INFO | Scraping page 136
2025-12-30 12:12:16,888 | INFO | Page 136 scraped successfully with 20 records
2025-12-30 12:12:17,893 | INFO | Processing page 137
2025-12-30 12:12:17,894 | INFO | Scraping page 137
2025-12-30 12:12:18,025 | INFO | Page 137 scraped successfully with 20 records
2025-12-30 12:12:19,029 | INFO | Processing page 138
2025-12-30 12:12:19,029 | INFO | Scraping page 138
2025-12-30 12:12:19,163 | INFO | Page 138 scraped successfully with 20 records
2025-12-30 12:12:20,168 | INFO | Processing page 139
2025-12-30 12:12:20,169 | INFO | Scraping page 139
2025-12-30 12:12:20,308 | INFO | Page 139 scraped successfully with 20 records
2025-12-30 12:12:21,313 | INFO | Processing page 140
2025-12-30 12:12:21,314 | INFO | Scraping page 140
2025-12-30 12:12:21,444 | INFO | Page 140 scraped successfully with 20 records
2025-12-30 12:12:22,445 | INFO | Processing page 141
2025-12-30 12:12:22,446 | INFO | Scraping page 141
2025-12-30 12:12:22,573 | INFO | Page 141 scraped successfully with 20 records
2025-12-30 12:12:23,578 | INFO | Processing page 142
2025-12-30 12:12:23,578 | INFO | Scraping page 142
2025-12-30 12:12:23,717 | INFO | Page 142 scraped successfully with 20 records
2025-12-30 12:12:24,722 | INFO | Processing page 143
2025-12-30 12:12:24,723 | INFO | Scraping page 143
2025-12-30 12:12:24,850 | INFO | Page 143 scraped successfully with 20 records
2025-12-30 12:12:25,855 | INFO | Processing page 144
2025-12-30 12:12:25,855 | INFO | Scraping page 144
2025-12-30 12:12:25,985 | INFO | Page 144 scraped successfully with 20 records
2025-12-30 12:12:26,990 | INFO | Processing page 145
2025-12-30 12:12:26,991 | INFO | Scraping page 145
2025-12-30 12:12:27,112 | INFO | Page 145 scraped successfully with 20 records
2025-12-30 12:12:28,117 | INFO | Processing page 146
2025-12-30 12:12:28,117 | INFO | Scraping page 146
2025-12-30 12:12:28,241 | INFO | Page 146 scraped successfully with 20 records
2025-12-30 12:12:29,247 | INFO | Processing page 147
2025-12-30 12:12:29,247 | INFO | Scraping page 147
2025-12-30 12:12:29,355 | INFO | Page 147 scraped successfully with 20 records
2025-12-30 12:12:30,361 | INFO | Processing page 148
2025-12-30 12:12:30,361 | INFO | Scraping page 148
2025-12-30 12:12:30,474 | INFO | Page 148 scraped successfully with 20 records
2025-12-30 12:12:31,479 | INFO | Processing page 149
2025-12-30 12:12:31,479 | INFO | Scraping page 149
2025-12-30 12:12:31,592 | INFO | Page 149 scraped successfully with 20 records
2025-12-30 12:12:32,597 | INFO | Processing page 150
2025-12-30 12:12:32,597 | INFO | Scraping page 150
2025-12-30 12:12:32,710 | INFO | Page 150 scraped successfully with 20 records
2025-12-30 12:12:33,715 | INFO | Processing page 151
2025-12-30 12:12:33,715 | INFO | Scraping page 151
2025-12-30 12:12:33,848 | INFO | Page 151 scraped successfully with 20 records
2025-12-30 12:12:34,853 | INFO | Processing page 152
2025-12-30 12:12:34,853 | INFO | Scraping page 152
2025-12-30 12:12:34,972 | INFO | Page 152 scraped successfully with 20 records
2025-12-30 12:12:35,977 | INFO | Processing page 153
2025-12-30 12:12:35,978 | INFO | Scraping page 153
2025-12-30 12:12:36,088 | INFO | Page 153 scraped successfully with 20 records
2025-12-30 12:12:37,093 | INFO | Processing page 154
2025-12-30 12:12:37,093 | INFO | Scraping page 154
2025-12-30 12:12:37,184 | INFO | Page 154 scraped successfully with 2 records
2025-12-30 12:12:38,189 | INFO | Processing page 155
2025-12-30 12:12:38,189 | INFO | Scraping page 155
2025-12-30 12:12:38,272 | ERROR | Network error on page 155: 404 Client Error: Not Found for url: https://ibbi.gov.in/resolution-plans?page=155
2025-12-30 12:12:38,272 | WARNING | Empty data on page 155, retrying once
2025-12-30 12:12:38,272 | INFO | Scraping page 155
2025-12-30 12:12:38,338 | ERROR | Network error on page 155: 404 Client Error: Not Found for url: https://ibbi.gov.in/resolution-plans?page=155
2025-12-30 12:12:38,338 | INFO | Stopping scraper at page 155
2025-12-30 12:12:38,338 | INFO | Scraping completed. Total records: 3062
2025-12-30 12:12:38,620 | INFO | Excel file saved successfully: /Users/aditya/Scrapping_ibbi_data/api/../output/ibbi_resolution_plans_2025-12-30_12-09-43.xlsx
2025-12-30 12:12:38,622 | INFO | 127.0.0.1 - - [30/Dec/2025 12:12:38] "GET /start-scraping HTTP/1.1" 200 -
2025-12-30 12:14:04,327 | INFO |  * Detected change in '/Users/aditya/Scrapping_ibbi_data/api/app.py', reloading
2025-12-30 12:14:04,455 | INFO |  * Restarting with stat
2025-12-30 12:14:04,884 | INFO | Logger initialized on production server
2025-12-30 12:14:04,909 | WARNING |  * Debugger is active!
2025-12-30 12:14:04,921 | INFO |  * Debugger PIN: 120-998-675
2025-12-30 12:14:25,206 | INFO | 127.0.0.1 - - [30/Dec/2025 12:14:25] "GET / HTTP/1.1" 200 -
2025-12-30 12:14:25,245 | INFO | 127.0.0.1 - - [30/Dec/2025 12:14:25] "GET /favicon.ico HTTP/1.1" 200 -
2025-12-30 12:17:22,787 | INFO | IBBI Scraper initialized
2025-12-30 12:17:22,789 | INFO | HTTP session with retry configured
2025-12-30 12:17:22,789 | INFO | Scraping started
2025-12-30 12:17:22,789 | INFO | Processing page 1
2025-12-30 12:17:22,789 | INFO | Scraping page 1
2025-12-30 12:17:22,995 | INFO | Page 1 scraped successfully with 20 records
2025-12-30 12:17:24,000 | INFO | Processing page 2
2025-12-30 12:17:24,001 | INFO | Scraping page 2
2025-12-30 12:17:24,118 | INFO | Page 2 scraped successfully with 20 records
2025-12-30 12:17:25,123 | INFO | Processing page 3
2025-12-30 12:17:25,124 | INFO | Scraping page 3
2025-12-30 12:17:25,237 | INFO | Page 3 scraped successfully with 20 records
2025-12-30 12:17:26,243 | INFO | Processing page 4
2025-12-30 12:17:26,243 | INFO | Scraping page 4
2025-12-30 12:17:26,347 | INFO | Page 4 scraped successfully with 20 records
2025-12-30 12:17:27,353 | INFO | Processing page 5
2025-12-30 12:17:27,353 | INFO | Scraping page 5
2025-12-30 12:17:27,483 | INFO | Page 5 scraped successfully with 20 records
2025-12-30 12:17:28,488 | INFO | Processing page 6
2025-12-30 12:17:28,488 | INFO | Scraping page 6
2025-12-30 12:17:28,606 | INFO | Page 6 scraped successfully with 20 records
2025-12-30 12:17:29,611 | INFO | Processing page 7
2025-12-30 12:17:29,611 | INFO | Scraping page 7
2025-12-30 12:17:29,978 | INFO | Page 7 scraped successfully with 20 records
2025-12-30 12:17:30,983 | INFO | Processing page 8
2025-12-30 12:17:30,983 | INFO | Scraping page 8
2025-12-30 12:17:31,107 | INFO | Page 8 scraped successfully with 20 records
2025-12-30 12:17:32,112 | INFO | Processing page 9
2025-12-30 12:17:32,112 | INFO | Scraping page 9
2025-12-30 12:17:32,235 | INFO | Page 9 scraped successfully with 20 records
2025-12-30 12:17:33,240 | INFO | Processing page 10
2025-12-30 12:17:33,240 | INFO | Scraping page 10
2025-12-30 12:17:33,359 | INFO | Page 10 scraped successfully with 20 records
2025-12-30 12:17:34,364 | INFO | Processing page 11
2025-12-30 12:17:34,364 | INFO | Scraping page 11
2025-12-30 12:17:34,480 | INFO | Page 11 scraped successfully with 20 records
2025-12-30 12:17:35,485 | INFO | Processing page 12
2025-12-30 12:17:35,485 | INFO | Scraping page 12
2025-12-30 12:17:35,603 | INFO | Page 12 scraped successfully with 20 records
2025-12-30 12:17:36,609 | INFO | Processing page 13
2025-12-30 12:17:36,609 | INFO | Scraping page 13
2025-12-30 12:17:36,743 | INFO | Page 13 scraped successfully with 20 records
2025-12-30 12:17:37,749 | INFO | Processing page 14
2025-12-30 12:17:37,749 | INFO | Scraping page 14
2025-12-30 12:17:37,866 | INFO | Page 14 scraped successfully with 20 records
2025-12-30 12:17:38,872 | INFO | Processing page 15
2025-12-30 12:17:38,872 | INFO | Scraping page 15
2025-12-30 12:17:38,995 | INFO | Page 15 scraped successfully with 20 records
2025-12-30 12:17:40,000 | INFO | Processing page 16
2025-12-30 12:17:40,001 | INFO | Scraping page 16
2025-12-30 12:17:40,118 | INFO | Page 16 scraped successfully with 20 records
2025-12-30 12:17:41,124 | INFO | Processing page 17
2025-12-30 12:17:41,124 | INFO | Scraping page 17
2025-12-30 12:17:41,241 | INFO | Page 17 scraped successfully with 20 records
2025-12-30 12:17:42,246 | INFO | Processing page 18
2025-12-30 12:17:42,248 | INFO | Scraping page 18
2025-12-30 12:17:42,404 | INFO | Page 18 scraped successfully with 20 records
2025-12-30 12:17:43,409 | INFO | Processing page 19
2025-12-30 12:17:43,410 | INFO | Scraping page 19
2025-12-30 12:17:43,524 | INFO | Page 19 scraped successfully with 20 records
2025-12-30 12:17:44,529 | INFO | Processing page 20
2025-12-30 12:17:44,529 | INFO | Scraping page 20
2025-12-30 12:17:44,652 | INFO | Page 20 scraped successfully with 20 records
2025-12-30 12:17:45,657 | INFO | Processing page 21
2025-12-30 12:17:45,657 | INFO | Scraping page 21
2025-12-30 12:17:45,782 | INFO | Page 21 scraped successfully with 20 records
2025-12-30 12:17:46,788 | INFO | Processing page 22
2025-12-30 12:17:46,788 | INFO | Scraping page 22
2025-12-30 12:17:46,909 | INFO | Page 22 scraped successfully with 20 records
2025-12-30 12:17:47,914 | INFO | Processing page 23
2025-12-30 12:17:47,915 | INFO | Scraping page 23
2025-12-30 12:17:48,032 | INFO | Page 23 scraped successfully with 20 records
2025-12-30 12:17:49,037 | INFO | Processing page 24
2025-12-30 12:17:49,037 | INFO | Scraping page 24
2025-12-30 12:17:49,160 | INFO | Page 24 scraped successfully with 20 records
2025-12-30 12:17:50,165 | INFO | Processing page 25
2025-12-30 12:17:50,166 | INFO | Scraping page 25
2025-12-30 12:17:50,285 | INFO | Page 25 scraped successfully with 20 records
2025-12-30 12:17:51,290 | INFO | Processing page 26
2025-12-30 12:17:51,290 | INFO | Scraping page 26
2025-12-30 12:17:51,402 | INFO | Page 26 scraped successfully with 20 records
2025-12-30 12:17:52,407 | INFO | Processing page 27
2025-12-30 12:17:52,408 | INFO | Scraping page 27
2025-12-30 12:17:52,531 | INFO | Page 27 scraped successfully with 20 records
2025-12-30 12:17:53,537 | INFO | Processing page 28
2025-12-30 12:17:53,537 | INFO | Scraping page 28
2025-12-30 12:17:53,658 | INFO | Page 28 scraped successfully with 20 records
2025-12-30 12:17:54,663 | INFO | Processing page 29
2025-12-30 12:17:54,664 | INFO | Scraping page 29
2025-12-30 12:17:54,774 | INFO | Page 29 scraped successfully with 20 records
2025-12-30 12:17:55,779 | INFO | Processing page 30
2025-12-30 12:17:55,780 | INFO | Scraping page 30
2025-12-30 12:17:55,902 | INFO | Page 30 scraped successfully with 20 records
2025-12-30 12:17:56,907 | INFO | Processing page 31
2025-12-30 12:17:56,908 | INFO | Scraping page 31
2025-12-30 12:17:57,024 | INFO | Page 31 scraped successfully with 20 records
2025-12-30 12:17:58,029 | INFO | Processing page 32
2025-12-30 12:17:58,031 | INFO | Scraping page 32
2025-12-30 12:17:58,145 | INFO | Page 32 scraped successfully with 20 records
2025-12-30 12:17:59,150 | INFO | Processing page 33
2025-12-30 12:17:59,150 | INFO | Scraping page 33
2025-12-30 12:17:59,268 | INFO | Page 33 scraped successfully with 20 records
2025-12-30 12:18:00,273 | INFO | Processing page 34
2025-12-30 12:18:00,273 | INFO | Scraping page 34
2025-12-30 12:18:00,387 | INFO | Page 34 scraped successfully with 20 records
2025-12-30 12:18:01,392 | INFO | Processing page 35
2025-12-30 12:18:01,393 | INFO | Scraping page 35
2025-12-30 12:18:01,508 | INFO | Page 35 scraped successfully with 20 records
2025-12-30 12:18:02,513 | INFO | Processing page 36
2025-12-30 12:18:02,514 | INFO | Scraping page 36
2025-12-30 12:18:02,631 | INFO | Page 36 scraped successfully with 20 records
2025-12-30 12:18:03,636 | INFO | Processing page 37
2025-12-30 12:18:03,637 | INFO | Scraping page 37
2025-12-30 12:18:03,753 | INFO | Page 37 scraped successfully with 20 records
2025-12-30 12:18:04,758 | INFO | Processing page 38
2025-12-30 12:18:04,759 | INFO | Scraping page 38
2025-12-30 12:18:04,875 | INFO | Page 38 scraped successfully with 20 records
2025-12-30 12:18:05,881 | INFO | Processing page 39
2025-12-30 12:18:05,882 | INFO | Scraping page 39
2025-12-30 12:18:06,014 | INFO | Page 39 scraped successfully with 20 records
2025-12-30 12:18:07,019 | INFO | Processing page 40
2025-12-30 12:18:07,020 | INFO | Scraping page 40
2025-12-30 12:18:07,146 | INFO | Page 40 scraped successfully with 20 records
2025-12-30 12:18:08,151 | INFO | Processing page 41
2025-12-30 12:18:08,151 | INFO | Scraping page 41
2025-12-30 12:18:08,262 | INFO | Page 41 scraped successfully with 20 records
2025-12-30 12:18:09,267 | INFO | Processing page 42
2025-12-30 12:18:09,267 | INFO | Scraping page 42
2025-12-30 12:18:09,388 | INFO | Page 42 scraped successfully with 20 records
2025-12-30 12:18:10,393 | INFO | Processing page 43
2025-12-30 12:18:10,394 | INFO | Scraping page 43
2025-12-30 12:18:10,515 | INFO | Page 43 scraped successfully with 20 records
2025-12-30 12:18:11,520 | INFO | Processing page 44
2025-12-30 12:18:11,521 | INFO | Scraping page 44
2025-12-30 12:18:11,648 | INFO | Page 44 scraped successfully with 20 records
2025-12-30 12:18:12,653 | INFO | Processing page 45
2025-12-30 12:18:12,653 | INFO | Scraping page 45
2025-12-30 12:18:12,768 | INFO | Page 45 scraped successfully with 20 records
2025-12-30 12:18:13,773 | INFO | Processing page 46
2025-12-30 12:18:13,774 | INFO | Scraping page 46
2025-12-30 12:18:13,895 | INFO | Page 46 scraped successfully with 20 records
2025-12-30 12:18:14,900 | INFO | Processing page 47
2025-12-30 12:18:14,900 | INFO | Scraping page 47
2025-12-30 12:18:15,008 | INFO | Page 47 scraped successfully with 20 records
2025-12-30 12:18:16,013 | INFO | Processing page 48
2025-12-30 12:18:16,014 | INFO | Scraping page 48
2025-12-30 12:18:16,143 | INFO | Page 48 scraped successfully with 20 records
2025-12-30 12:18:17,148 | INFO | Processing page 49
2025-12-30 12:18:17,148 | INFO | Scraping page 49
2025-12-30 12:18:17,270 | INFO | Page 49 scraped successfully with 20 records
2025-12-30 12:18:18,275 | INFO | Processing page 50
2025-12-30 12:18:18,276 | INFO | Scraping page 50
2025-12-30 12:18:18,390 | INFO | Page 50 scraped successfully with 20 records
2025-12-30 12:18:19,396 | INFO | Processing page 51
2025-12-30 12:18:19,396 | INFO | Scraping page 51
2025-12-30 12:18:19,518 | INFO | Page 51 scraped successfully with 20 records
2025-12-30 12:18:20,524 | INFO | Processing page 52
2025-12-30 12:18:20,524 | INFO | Scraping page 52
2025-12-30 12:18:20,646 | INFO | Page 52 scraped successfully with 20 records
2025-12-30 12:18:21,651 | INFO | Processing page 53
2025-12-30 12:18:21,652 | INFO | Scraping page 53
2025-12-30 12:18:21,775 | INFO | Page 53 scraped successfully with 20 records
2025-12-30 12:18:22,780 | INFO | Processing page 54
2025-12-30 12:18:22,781 | INFO | Scraping page 54
2025-12-30 12:18:22,899 | INFO | Page 54 scraped successfully with 20 records
2025-12-30 12:18:23,901 | INFO | Processing page 55
2025-12-30 12:18:23,902 | INFO | Scraping page 55
2025-12-30 12:18:24,019 | INFO | Page 55 scraped successfully with 20 records
2025-12-30 12:18:25,024 | INFO | Processing page 56
2025-12-30 12:18:25,025 | INFO | Scraping page 56
2025-12-30 12:18:25,143 | INFO | Page 56 scraped successfully with 20 records
2025-12-30 12:18:26,149 | INFO | Processing page 57
2025-12-30 12:18:26,149 | INFO | Scraping page 57
2025-12-30 12:18:26,257 | INFO | Page 57 scraped successfully with 20 records
2025-12-30 12:18:27,262 | INFO | Processing page 58
2025-12-30 12:18:27,262 | INFO | Scraping page 58
2025-12-30 12:18:27,387 | INFO | Page 58 scraped successfully with 20 records
2025-12-30 12:18:28,393 | INFO | Processing page 59
2025-12-30 12:18:28,393 | INFO | Scraping page 59
2025-12-30 12:18:28,518 | INFO | Page 59 scraped successfully with 20 records
2025-12-30 12:18:29,523 | INFO | Processing page 60
2025-12-30 12:18:29,524 | INFO | Scraping page 60
2025-12-30 12:18:29,637 | INFO | Page 60 scraped successfully with 20 records
2025-12-30 12:18:30,642 | INFO | Processing page 61
2025-12-30 12:18:30,642 | INFO | Scraping page 61
2025-12-30 12:18:30,764 | INFO | Page 61 scraped successfully with 20 records
2025-12-30 12:18:31,769 | INFO | Processing page 62
2025-12-30 12:18:31,769 | INFO | Scraping page 62
2025-12-30 12:18:31,895 | INFO | Page 62 scraped successfully with 20 records
2025-12-30 12:18:32,900 | INFO | Processing page 63
2025-12-30 12:18:32,900 | INFO | Scraping page 63
2025-12-30 12:18:33,021 | INFO | Page 63 scraped successfully with 20 records
2025-12-30 12:18:34,027 | INFO | Processing page 64
2025-12-30 12:18:34,027 | INFO | Scraping page 64
2025-12-30 12:18:34,153 | INFO | Page 64 scraped successfully with 20 records
2025-12-30 12:18:35,158 | INFO | Processing page 65
2025-12-30 12:18:35,159 | INFO | Scraping page 65
2025-12-30 12:18:35,285 | INFO | Page 65 scraped successfully with 20 records
2025-12-30 12:18:36,290 | INFO | Processing page 66
2025-12-30 12:18:36,290 | INFO | Scraping page 66
2025-12-30 12:18:36,409 | INFO | Page 66 scraped successfully with 20 records
2025-12-30 12:18:37,414 | INFO | Processing page 67
2025-12-30 12:18:37,414 | INFO | Scraping page 67
2025-12-30 12:18:37,537 | INFO | Page 67 scraped successfully with 20 records
2025-12-30 12:18:38,543 | INFO | Processing page 68
2025-12-30 12:18:38,543 | INFO | Scraping page 68
2025-12-30 12:18:38,679 | INFO | Page 68 scraped successfully with 20 records
2025-12-30 12:18:39,684 | INFO | Processing page 69
2025-12-30 12:18:39,684 | INFO | Scraping page 69
2025-12-30 12:18:39,810 | INFO | Page 69 scraped successfully with 20 records
2025-12-30 12:18:40,815 | INFO | Processing page 70
2025-12-30 12:18:40,815 | INFO | Scraping page 70
2025-12-30 12:18:40,947 | INFO | Page 70 scraped successfully with 20 records
2025-12-30 12:18:41,952 | INFO | Processing page 71
2025-12-30 12:18:41,953 | INFO | Scraping page 71
2025-12-30 12:18:42,074 | INFO | Page 71 scraped successfully with 20 records
2025-12-30 12:18:43,079 | INFO | Processing page 72
2025-12-30 12:18:43,079 | INFO | Scraping page 72
2025-12-30 12:18:43,199 | INFO | Page 72 scraped successfully with 20 records
2025-12-30 12:18:44,204 | INFO | Processing page 73
2025-12-30 12:18:44,204 | INFO | Scraping page 73
2025-12-30 12:18:44,312 | INFO | Page 73 scraped successfully with 20 records
2025-12-30 12:18:45,317 | INFO | Processing page 74
2025-12-30 12:18:45,317 | INFO | Scraping page 74
2025-12-30 12:18:45,435 | INFO | Page 74 scraped successfully with 20 records
2025-12-30 12:18:46,440 | INFO | Processing page 75
2025-12-30 12:18:46,440 | INFO | Scraping page 75
2025-12-30 12:18:46,551 | INFO | Page 75 scraped successfully with 20 records
2025-12-30 12:18:47,556 | INFO | Processing page 76
2025-12-30 12:18:47,557 | INFO | Scraping page 76
2025-12-30 12:18:47,671 | INFO | Page 76 scraped successfully with 20 records
2025-12-30 12:18:48,677 | INFO | Processing page 77
2025-12-30 12:18:48,677 | INFO | Scraping page 77
2025-12-30 12:18:48,795 | INFO | Page 77 scraped successfully with 20 records
2025-12-30 12:18:49,800 | INFO | Processing page 78
2025-12-30 12:18:49,800 | INFO | Scraping page 78
2025-12-30 12:18:49,923 | INFO | Page 78 scraped successfully with 20 records
2025-12-30 12:18:50,928 | INFO | Processing page 79
2025-12-30 12:18:50,928 | INFO | Scraping page 79
2025-12-30 12:18:51,020 | INFO | Page 79 scraped successfully with 20 records
2025-12-30 12:18:52,025 | INFO | Processing page 80
2025-12-30 12:18:52,025 | INFO | Scraping page 80
2025-12-30 12:18:52,131 | INFO | Page 80 scraped successfully with 20 records
2025-12-30 12:18:53,137 | INFO | Processing page 81
2025-12-30 12:18:53,137 | INFO | Scraping page 81
2025-12-30 12:18:53,259 | INFO | Page 81 scraped successfully with 20 records
2025-12-30 12:18:54,264 | INFO | Processing page 82
2025-12-30 12:18:54,264 | INFO | Scraping page 82
2025-12-30 12:18:54,386 | INFO | Page 82 scraped successfully with 20 records
2025-12-30 12:18:55,391 | INFO | Processing page 83
2025-12-30 12:18:55,391 | INFO | Scraping page 83
2025-12-30 12:18:55,519 | INFO | Page 83 scraped successfully with 20 records
2025-12-30 12:18:56,524 | INFO | Processing page 84
2025-12-30 12:18:56,524 | INFO | Scraping page 84
2025-12-30 12:18:56,645 | INFO | Page 84 scraped successfully with 20 records
2025-12-30 12:18:57,650 | INFO | Processing page 85
2025-12-30 12:18:57,651 | INFO | Scraping page 85
2025-12-30 12:18:57,767 | INFO | Page 85 scraped successfully with 20 records
2025-12-30 12:18:58,772 | INFO | Processing page 86
2025-12-30 12:18:58,773 | INFO | Scraping page 86
2025-12-30 12:18:58,894 | INFO | Page 86 scraped successfully with 20 records
2025-12-30 12:18:59,900 | INFO | Processing page 87
2025-12-30 12:18:59,900 | INFO | Scraping page 87
2025-12-30 12:19:00,019 | INFO | Page 87 scraped successfully with 20 records
2025-12-30 12:19:01,024 | INFO | Processing page 88
2025-12-30 12:19:01,025 | INFO | Scraping page 88
2025-12-30 12:19:01,154 | INFO | Page 88 scraped successfully with 20 records
2025-12-30 12:19:02,159 | INFO | Processing page 89
2025-12-30 12:19:02,160 | INFO | Scraping page 89
2025-12-30 12:19:02,291 | INFO | Page 89 scraped successfully with 20 records
2025-12-30 12:19:03,296 | INFO | Processing page 90
2025-12-30 12:19:03,297 | INFO | Scraping page 90
2025-12-30 12:19:03,435 | INFO | Page 90 scraped successfully with 20 records
2025-12-30 12:19:04,441 | INFO | Processing page 91
2025-12-30 12:19:04,441 | INFO | Scraping page 91
2025-12-30 12:19:04,560 | INFO | Page 91 scraped successfully with 20 records
2025-12-30 12:19:05,561 | INFO | Processing page 92
2025-12-30 12:19:05,562 | INFO | Scraping page 92
2025-12-30 12:19:05,663 | INFO | Page 92 scraped successfully with 20 records
2025-12-30 12:19:06,668 | INFO | Processing page 93
2025-12-30 12:19:06,669 | INFO | Scraping page 93
2025-12-30 12:19:06,833 | INFO | Page 93 scraped successfully with 20 records
2025-12-30 12:19:07,838 | INFO | Processing page 94
2025-12-30 12:19:07,839 | INFO | Scraping page 94
2025-12-30 12:19:07,965 | INFO | Page 94 scraped successfully with 20 records
2025-12-30 12:19:08,970 | INFO | Processing page 95
2025-12-30 12:19:08,970 | INFO | Scraping page 95
2025-12-30 12:19:09,087 | INFO | Page 95 scraped successfully with 20 records
2025-12-30 12:19:10,093 | INFO | Processing page 96
2025-12-30 12:19:10,093 | INFO | Scraping page 96
2025-12-30 12:19:10,210 | INFO | Page 96 scraped successfully with 20 records
2025-12-30 12:19:11,215 | INFO | Processing page 97
2025-12-30 12:19:11,215 | INFO | Scraping page 97
2025-12-30 12:19:11,334 | INFO | Page 97 scraped successfully with 20 records
2025-12-30 12:19:12,339 | INFO | Processing page 98
2025-12-30 12:19:12,340 | INFO | Scraping page 98
2025-12-30 12:19:12,469 | INFO | Page 98 scraped successfully with 20 records
2025-12-30 12:19:13,474 | INFO | Processing page 99
2025-12-30 12:19:13,474 | INFO | Scraping page 99
2025-12-30 12:19:13,594 | INFO | Page 99 scraped successfully with 20 records
2025-12-30 12:19:14,599 | INFO | Processing page 100
2025-12-30 12:19:14,599 | INFO | Scraping page 100
2025-12-30 12:19:14,722 | INFO | Page 100 scraped successfully with 20 records
2025-12-30 12:19:15,727 | INFO | Processing page 101
2025-12-30 12:19:15,727 | INFO | Scraping page 101
2025-12-30 12:19:15,845 | INFO | Page 101 scraped successfully with 20 records
2025-12-30 12:19:16,850 | INFO | Processing page 102
2025-12-30 12:19:16,851 | INFO | Scraping page 102
2025-12-30 12:19:16,978 | INFO | Page 102 scraped successfully with 20 records
2025-12-30 12:19:17,983 | INFO | Processing page 103
2025-12-30 12:19:17,983 | INFO | Scraping page 103
2025-12-30 12:19:18,099 | INFO | Page 103 scraped successfully with 20 records
2025-12-30 12:19:19,104 | INFO | Processing page 104
2025-12-30 12:19:19,104 | INFO | Scraping page 104
2025-12-30 12:19:19,231 | INFO | Page 104 scraped successfully with 20 records
2025-12-30 12:19:20,236 | INFO | Processing page 105
2025-12-30 12:19:20,236 | INFO | Scraping page 105
2025-12-30 12:19:20,345 | INFO | Page 105 scraped successfully with 20 records
2025-12-30 12:19:21,350 | INFO | Processing page 106
2025-12-30 12:19:21,350 | INFO | Scraping page 106
2025-12-30 12:19:21,467 | INFO | Page 106 scraped successfully with 20 records
2025-12-30 12:19:22,473 | INFO | Processing page 107
2025-12-30 12:19:22,473 | INFO | Scraping page 107
2025-12-30 12:19:22,594 | INFO | Page 107 scraped successfully with 20 records
2025-12-30 12:19:23,599 | INFO | Processing page 108
2025-12-30 12:19:23,599 | INFO | Scraping page 108
2025-12-30 12:19:23,733 | INFO | Page 108 scraped successfully with 20 records
2025-12-30 12:19:24,738 | INFO | Processing page 109
2025-12-30 12:19:24,738 | INFO | Scraping page 109
2025-12-30 12:19:24,868 | INFO | Page 109 scraped successfully with 20 records
2025-12-30 12:19:25,873 | INFO | Processing page 110
2025-12-30 12:19:25,873 | INFO | Scraping page 110
2025-12-30 12:19:25,998 | INFO | Page 110 scraped successfully with 20 records
2025-12-30 12:19:27,004 | INFO | Processing page 111
2025-12-30 12:19:27,004 | INFO | Scraping page 111
2025-12-30 12:19:27,109 | INFO | Page 111 scraped successfully with 20 records
2025-12-30 12:19:28,114 | INFO | Processing page 112
2025-12-30 12:19:28,115 | INFO | Scraping page 112
2025-12-30 12:19:28,242 | INFO | Page 112 scraped successfully with 20 records
2025-12-30 12:19:29,247 | INFO | Processing page 113
2025-12-30 12:19:29,248 | INFO | Scraping page 113
2025-12-30 12:19:29,378 | INFO | Page 113 scraped successfully with 20 records
2025-12-30 12:19:30,383 | INFO | Processing page 114
2025-12-30 12:19:30,383 | INFO | Scraping page 114
2025-12-30 12:19:30,502 | INFO | Page 114 scraped successfully with 20 records
2025-12-30 12:19:31,508 | INFO | Processing page 115
2025-12-30 12:19:31,508 | INFO | Scraping page 115
2025-12-30 12:19:31,634 | INFO | Page 115 scraped successfully with 20 records
2025-12-30 12:19:32,639 | INFO | Processing page 116
2025-12-30 12:19:32,640 | INFO | Scraping page 116
2025-12-30 12:19:32,779 | INFO | Page 116 scraped successfully with 20 records
2025-12-30 12:19:33,784 | INFO | Processing page 117
2025-12-30 12:19:33,784 | INFO | Scraping page 117
2025-12-30 12:19:33,923 | INFO | Page 117 scraped successfully with 20 records
2025-12-30 12:19:34,928 | INFO | Processing page 118
2025-12-30 12:19:34,928 | INFO | Scraping page 118
2025-12-30 12:19:35,055 | INFO | Page 118 scraped successfully with 20 records
2025-12-30 12:19:36,061 | INFO | Processing page 119
2025-12-30 12:19:36,061 | INFO | Scraping page 119
2025-12-30 12:19:36,188 | INFO | Page 119 scraped successfully with 20 records
2025-12-30 12:19:37,194 | INFO | Processing page 120
2025-12-30 12:19:37,194 | INFO | Scraping page 120
2025-12-30 12:19:37,313 | INFO | Page 120 scraped successfully with 20 records
2025-12-30 12:19:38,318 | INFO | Processing page 121
2025-12-30 12:19:38,319 | INFO | Scraping page 121
2025-12-30 12:19:38,436 | INFO | Page 121 scraped successfully with 20 records
2025-12-30 12:19:39,442 | INFO | Processing page 122
2025-12-30 12:19:39,442 | INFO | Scraping page 122
2025-12-30 12:19:39,568 | INFO | Page 122 scraped successfully with 20 records
2025-12-30 12:19:40,573 | INFO | Processing page 123
2025-12-30 12:19:40,574 | INFO | Scraping page 123
2025-12-30 12:19:40,693 | INFO | Page 123 scraped successfully with 20 records
2025-12-30 12:19:41,698 | INFO | Processing page 124
2025-12-30 12:19:41,698 | INFO | Scraping page 124
2025-12-30 12:19:41,824 | INFO | Page 124 scraped successfully with 20 records
2025-12-30 12:19:42,829 | INFO | Processing page 125
2025-12-30 12:19:42,829 | INFO | Scraping page 125
2025-12-30 12:19:42,949 | INFO | Page 125 scraped successfully with 20 records
2025-12-30 12:19:43,954 | INFO | Processing page 126
2025-12-30 12:19:43,954 | INFO | Scraping page 126
2025-12-30 12:19:44,077 | INFO | Page 126 scraped successfully with 20 records
2025-12-30 12:19:45,082 | INFO | Processing page 127
2025-12-30 12:19:45,082 | INFO | Scraping page 127
2025-12-30 12:19:45,258 | INFO | Page 127 scraped successfully with 20 records
2025-12-30 12:19:46,264 | INFO | Processing page 128
2025-12-30 12:19:46,264 | INFO | Scraping page 128
2025-12-30 12:19:46,393 | INFO | Page 128 scraped successfully with 20 records
2025-12-30 12:19:47,398 | INFO | Processing page 129
2025-12-30 12:19:47,398 | INFO | Scraping page 129
2025-12-30 12:19:47,530 | INFO | Page 129 scraped successfully with 20 records
2025-12-30 12:19:48,535 | INFO | Processing page 130
2025-12-30 12:19:48,535 | INFO | Scraping page 130
2025-12-30 12:19:48,644 | INFO | Page 130 scraped successfully with 20 records
2025-12-30 12:19:49,649 | INFO | Processing page 131
2025-12-30 12:19:49,650 | INFO | Scraping page 131
2025-12-30 12:19:49,788 | INFO | Page 131 scraped successfully with 20 records
2025-12-30 12:19:50,794 | INFO | Processing page 132
2025-12-30 12:19:50,794 | INFO | Scraping page 132
2025-12-30 12:19:50,929 | INFO | Page 132 scraped successfully with 20 records
2025-12-30 12:19:51,934 | INFO | Processing page 133
2025-12-30 12:19:51,934 | INFO | Scraping page 133
2025-12-30 12:19:52,060 | INFO | Page 133 scraped successfully with 20 records
2025-12-30 12:19:53,065 | INFO | Processing page 134
2025-12-30 12:19:53,065 | INFO | Scraping page 134
2025-12-30 12:19:53,192 | INFO | Page 134 scraped successfully with 20 records
2025-12-30 12:19:54,197 | INFO | Processing page 135
2025-12-30 12:19:54,198 | INFO | Scraping page 135
2025-12-30 12:19:54,374 | INFO | Page 135 scraped successfully with 20 records
2025-12-30 12:19:55,379 | INFO | Processing page 136
2025-12-30 12:19:55,379 | INFO | Scraping page 136
2025-12-30 12:19:55,501 | INFO | Page 136 scraped successfully with 20 records
2025-12-30 12:19:56,506 | INFO | Processing page 137
2025-12-30 12:19:56,507 | INFO | Scraping page 137
2025-12-30 12:19:56,644 | INFO | Page 137 scraped successfully with 20 records
2025-12-30 12:19:57,649 | INFO | Processing page 138
2025-12-30 12:19:57,649 | INFO | Scraping page 138
2025-12-30 12:19:57,780 | INFO | Page 138 scraped successfully with 20 records
2025-12-30 12:19:58,785 | INFO | Processing page 139
2025-12-30 12:19:58,786 | INFO | Scraping page 139
2025-12-30 12:19:58,916 | INFO | Page 139 scraped successfully with 20 records
2025-12-30 12:19:59,921 | INFO | Processing page 140
2025-12-30 12:19:59,921 | INFO | Scraping page 140
2025-12-30 12:20:00,058 | INFO | Page 140 scraped successfully with 20 records
2025-12-30 12:20:01,063 | INFO | Processing page 141
2025-12-30 12:20:01,064 | INFO | Scraping page 141
2025-12-30 12:20:01,186 | INFO | Page 141 scraped successfully with 20 records
2025-12-30 12:20:02,192 | INFO | Processing page 142
2025-12-30 12:20:02,192 | INFO | Scraping page 142
2025-12-30 12:20:02,314 | INFO | Page 142 scraped successfully with 20 records
2025-12-30 12:20:03,318 | INFO | Processing page 143
2025-12-30 12:20:03,318 | INFO | Scraping page 143
2025-12-30 12:20:03,431 | INFO | Page 143 scraped successfully with 20 records
2025-12-30 12:20:04,435 | INFO | Processing page 144
2025-12-30 12:20:04,435 | INFO | Scraping page 144
2025-12-30 12:20:04,552 | INFO | Page 144 scraped successfully with 20 records
2025-12-30 12:20:05,557 | INFO | Processing page 145
2025-12-30 12:20:05,558 | INFO | Scraping page 145
2025-12-30 12:20:05,680 | INFO | Page 145 scraped successfully with 20 records
2025-12-30 12:20:06,685 | INFO | Processing page 146
2025-12-30 12:20:06,685 | INFO | Scraping page 146
2025-12-30 12:20:06,807 | INFO | Page 146 scraped successfully with 20 records
2025-12-30 12:20:07,812 | INFO | Processing page 147
2025-12-30 12:20:07,813 | INFO | Scraping page 147
2025-12-30 12:20:07,936 | INFO | Page 147 scraped successfully with 20 records
2025-12-30 12:20:08,941 | INFO | Processing page 148
2025-12-30 12:20:08,942 | INFO | Scraping page 148
2025-12-30 12:20:09,079 | INFO | Page 148 scraped successfully with 20 records
2025-12-30 12:20:10,084 | INFO | Processing page 149
2025-12-30 12:20:10,084 | INFO | Scraping page 149
2025-12-30 12:20:10,187 | INFO | Page 149 scraped successfully with 20 records
2025-12-30 12:20:11,192 | INFO | Processing page 150
2025-12-30 12:20:11,192 | INFO | Scraping page 150
2025-12-30 12:20:11,303 | INFO | Page 150 scraped successfully with 20 records
2025-12-30 12:20:12,308 | INFO | Processing page 151
2025-12-30 12:20:12,309 | INFO | Scraping page 151
2025-12-30 12:20:12,429 | INFO | Page 151 scraped successfully with 20 records
2025-12-30 12:20:13,434 | INFO | Processing page 152
2025-12-30 12:20:13,435 | INFO | Scraping page 152
2025-12-30 12:20:13,552 | INFO | Page 152 scraped successfully with 20 records
2025-12-30 12:20:14,557 | INFO | Processing page 153
2025-12-30 12:20:14,558 | INFO | Scraping page 153
2025-12-30 12:20:14,684 | INFO | Page 153 scraped successfully with 20 records
2025-12-30 12:20:15,689 | INFO | Processing page 154
2025-12-30 12:20:15,690 | INFO | Scraping page 154
2025-12-30 12:20:15,797 | INFO | Page 154 scraped successfully with 2 records
2025-12-30 12:20:16,802 | INFO | Processing page 155
2025-12-30 12:20:16,803 | INFO | Scraping page 155
2025-12-30 12:20:16,879 | ERROR | Network error on page 155: 404 Client Error: Not Found for url: https://ibbi.gov.in/resolution-plans?page=155
2025-12-30 12:20:16,879 | WARNING | Empty data on page 155, retrying once
2025-12-30 12:20:16,879 | INFO | Scraping page 155
2025-12-30 12:20:16,942 | ERROR | Network error on page 155: 404 Client Error: Not Found for url: https://ibbi.gov.in/resolution-plans?page=155
2025-12-30 12:20:16,942 | INFO | Stopping scraper at page 155
2025-12-30 12:20:16,942 | INFO | Scraping completed. Total records: 3062
2025-12-30 12:20:17,225 | INFO | Excel file saved successfully: /Users/aditya/Scrapping_ibbi_data/api/../output/ibbi_resolution_plans_2025-12-30_12-17-22.xlsx
2025-12-30 12:20:17,226 | INFO | 127.0.0.1 - - [30/Dec/2025 12:20:17] "GET /start-scraping HTTP/1.1" 200 -
2025-12-30 12:27:04,227 | INFO | 127.0.0.1 - - [30/Dec/2025 12:27:04] "GET /favicon.ico HTTP/1.1" 200 -
2025-12-30 12:27:04,271 | INFO | 127.0.0.1 - - [30/Dec/2025 12:27:04] "GET /favicon.ico HTTP/1.1" 200 -
2025-12-30 12:30:21,232 | INFO | 127.0.0.1 - - [30/Dec/2025 12:30:21] "[36mGET /favicon.ico HTTP/1.1[0m" 304 -
2025-12-30 12:30:21,283 | INFO | 127.0.0.1 - - [30/Dec/2025 12:30:21] "[36mGET /favicon.ico HTTP/1.1[0m" 304 -
2025-12-30 12:34:22,988 | INFO | 127.0.0.1 - - [30/Dec/2025 12:34:22] "[36mGET /favicon.ico HTTP/1.1[0m" 304 -
2025-12-30 12:34:23,037 | INFO | 127.0.0.1 - - [30/Dec/2025 12:34:23] "[36mGET /favicon.ico HTTP/1.1[0m" 304 -
2025-12-30 13:40:38,479 | INFO | 127.0.0.1 - - [30/Dec/2025 13:40:38] "[36mGET /favicon.ico HTTP/1.1[0m" 304 -
2025-12-30 13:40:38,533 | INFO | 127.0.0.1 - - [30/Dec/2025 13:40:38] "[36mGET /favicon.ico HTTP/1.1[0m" 304 -
